GATTUNG;ART;DEUTSCH;CX;CY;KM2;STATION;PR;DETE;OBSTYPA;METHODE_AL;LEBENSRAUM;STRUKTUR;ORT;GEMEINDE;KANTON;HöHE;TAG;MONAT;JAHR;BEOBACHTER;BESTIMMER;PROJET
Martes;foina;Steinmarder;558295;166020;558166;41;5;TRAC;Trittsiegel, Spurenfolge;Spurentunnel;Ufer und Feuchtgebiete;Bach (Breite 0.5-5 m);Le Laret;CHAVANNES-LES-FORTS;FR;795;5;11;2009;Ghali Karim; ;MONITOR_MUST
Martes;foina;Steinmarder;558295;166020;558166;41;5;TRAC;Trittsiegel, Spurenfolge;Spurentunnel;Ufer und Feuchtgebiete;Bach (Breite 0.5-5 m);Le Laret;CHAVANNES-LES-FORTS;FR;795;21;10;2009;Ghali Karim; ;MONITOR_MUST
Martes;foina;Steinmarder;558295;166020;558166;41;5;TRAC;Trittsiegel, Spurenfolge;Spurentunnel;Ufer und Feuchtgebiete;Bach (Breite 0.5-5 m);Le Laret;CHAVANNES-LES-FORTS;FR;795;28;10;2009;Ghali Karim; ;MONITOR_MUST
Martes;foina;Steinmarder;558330;166590;558166;44;5;TRAC;Trittsiegel, Spurenfolge;Spurentunnel;Pflanzungen, Äcker, Kulturen;Holzlager, Holzstoss;Chavannes-les-Forts;CHAVANNES-LES-FORTS;FR;800;5;11;2009;Ghali Karim; ;MONITOR_MUST
Martes;foina;Steinmarder;558330;166590;558166;44;5;TRAC;Trittsiegel, Spurenfolge;Spurentunnel;Pflanzungen, Äcker, Kulturen;Holzlager, Holzstoss;Chavannes-les-Forts;CHAVANNES-LES-FORTS;FR;800;12;11;2009;Ghali Karim; ;MONITOR_MUST
Martes;foina;Steinmarder;558330;166590;558166;44;5;TRAC;Trittsiegel, Spurenfolge;Spurentunnel;Pflanzungen, Äcker, Kulturen;Holzlager, Holzstoss;Chavannes-les-Forts;CHAVANNES-LES-FORTS;FR;800;21;10;2009;Ghali Karim; ;MONITOR_MUST
Martes;foina;Steinmarder;558330;166590;558166;44;5;TRAC;Trittsiegel, Spurenfolge;Spurentunnel;Pflanzungen, Äcker, Kulturen;Holzlager, Holzstoss;Chavannes-les-Forts;CHAVANNES-LES-FORTS;FR;800;28;10;2009;Ghali Karim; ;MONITOR_MUST
Martes;foina;Steinmarder;558546;166412;558166;10;6;TRAC;Trittsiegel, Spurenfolge;Spurentunnel;Ufer und Feuchtgebiete;Bach (Breite 0.5-5 m);Les Ecoula;CHAVANNES-LES-FORTS;FR;785;12;11;2009;Ghali Karim; ;MONITOR_MUST
Martes;foina;Steinmarder;566230;166017;566166;55;6;TRAC;Trittsiegel, Spurenfolge;Spurentunnel;Ufer mit Vegetation;Bach (Breite 0.5-5 m);Romanens  / Maules, Communs de Maules;MAULES;FR;940;6;9;2010;Fasel Nicolas;Marchesi Paul;MONITOR_MUST
Martes;foina;Steinmarder;566230;166017;566166;55;6;TRAC;Trittsiegel, Spurenfolge;Spurentunnel;Ufer mit Vegetation;Bach (Breite 0.5-5 m);Romanens  / Maules, Communs de Maules;MAULES;FR;940;28;8;2010;Capt Simon;Marchesi Paul;MONITOR_MUST
Martes;foina;Steinmarder;567606;119650;567119;44;6;TRAC;Trittsiegel, Spurenfolge;Spurentunnel;Fettwiesen und -weiden;Niederhecke (Kleinsträucher);Bex, Colline de chiètre;BEX;VD;541;4;11;2010;Gex-Fabry Emilie;Marchesi Paul;MONITOR_MUST
Martes;foina;Steinmarder;567606;119650;567119;44;6;TRAC;Trittsiegel, Spurenfolge;Spurentunnel;Fettwiesen und -weiden;Niederhecke (Kleinsträucher);Bex, Colline de chiètre;BEX;VD;541;21;10;2010;Gex-Fabry Emilie;Marchesi Paul;MONITOR_MUST
Martes;foina;Steinmarder;567606;119650;567119;44;6;TRAC;Trittsiegel, Spurenfolge;Spurentunnel;Fettwiesen und -weiden;Niederhecke (Kleinsträucher);Bex, Colline de chiètre;BEX;VD;541;28;10;2010;Gex-Fabry Emilie;Marchesi Paul;MONITOR_MUST
Martes;foina;Steinmarder;569878;112388;569112;42;6;TRAC;Trittsiegel, Spurenfolge;Spurentunnel;Eichenwälder;Waldrand;Collonges, Le Bouet, Les Sasses;DORÉNAZ;VS;770;7;10;2010;Gex-Fabry Emilie;Marchesi Paul;MONITOR_MUST
Martes;foina;Steinmarder;569878;112388;569112;42;6;TRAC;Trittsiegel, Spurenfolge;Spurentunnel;Eichenwälder;Waldrand;Collonges, Le Bouet, Les Sasses;DORÉNAZ;VS;770;14;10;2010;Gex-Fabry Emilie;Marchesi Paul;MONITOR_MUST
Martes;foina;Steinmarder;572961;163177;572163;79;6;TRAC;Trittsiegel, Spurenfolge;Spurentunnel;Ufer mit Vegetation;Bach (Breite 0.5-5 m);Bulle, Le Vessier;LA TOUR-DE-TRÊME;FR;700;9;9;2010;Ghali Karim;Marchesi Paul;MONITOR_MUST
Martes;foina;Steinmarder;579059;176930;579176;65;6;TRAC;Trittsiegel, Spurenfolge;Spurentunnel;Ufer und Feuchtgebiete;Bach (Breite 0.5-5 m);Le Poyet;LE MOURET;FR;765;13;11;2009;Capt Simon; ;MONITOR_MUST
Martes;foina;Steinmarder;581520;241700;581241;103;5;TRAC;Trittsiegel, Spurenfolge;Spurentunnel;Gebüsche;Mittelhecke (Sträucher);Glovelier, Dos le Brai;GLOVELIER;JU;605;16;9;2010;Erne Bettina;Marchesi Paul;MONITOR_MUST
Martes;foina;Steinmarder;582019;117019;582117;14;6;TRAC;Trittsiegel, Spurenfolge;Spurentunnel;Grünland (Naturrasen, Wiesen und Weiden);Waldrand;Chamoson, Mayens de Chamoson;CHAMOSON;VS;1006;19;10;2010;Dessimoz (-Rathey) Emilie;Marchesi Paul;MONITOR_MUST
Martes;foina;Steinmarder;582155;117950;582117;43;6;TRAC;Trittsiegel, Spurenfolge;Spurentunnel;Grünland (Naturrasen, Wiesen und Weiden);Waldrand;Chamoson, Pré du Mayen;CHAMOSON;VS;827;26;10;2010;Dessimoz (-Rathey) Emilie;Marchesi Paul;MONITOR_MUST
Martes;foina;Steinmarder;582249;117515;582117;55;6;TRAC;Trittsiegel, Spurenfolge;Spurentunnel;Grünland (Naturrasen, Wiesen und Weiden);Böschung;Chamoson, vers restaurant colline aux oiseaux;CHAMOSON;VS;821;5;10;2010;Dessimoz (-Rathey) Emilie;Marchesi Paul;MONITOR_MUST
Martes;foina;Steinmarder;582405;117364;582117;5;6;TRAC;Trittsiegel, Spurenfolge;Spurentunnel;Fettwiesen und -weiden;Bach (Breite 0.5-5 m);Chamoson, Parole;CHAMOSON;VS;761;19;10;2010;Dessimoz (-Rathey) Emilie;Marchesi Paul;MONITOR_MUST
Martes;foina;Steinmarder;582405;117364;582117;5;6;TRAC;Trittsiegel, Spurenfolge;Spurentunnel;Fettwiesen und -weiden;Bach (Breite 0.5-5 m);Chamoson, Parole;CHAMOSON;VS;761;26;10;2010;Dessimoz (-Rathey) Emilie;Marchesi Paul;MONITOR_MUST
Martes;foina;Steinmarder;585009;111333;585111;50;6;TRAC;Trittsiegel, Spurenfolge;Spurentunnel;Kunstrasen;Trockenmauer (freistehend);Isérables, Les Peutys;RIDDES;VS;1137;3;11;2010;Dessimoz (-Rathey) Emilie;Marchesi Paul;MONITOR_MUST
Martes;foina;Steinmarder;585009;111333;585111;50;6;TRAC;Trittsiegel, Spurenfolge;Spurentunnel;Kunstrasen;Trockenmauer (freistehend);Isérables, Les Peutys;RIDDES;VS;1137;26;10;2010;Dessimoz (-Rathey) Emilie;Marchesi Paul;MONITOR_MUST
Martes;foina;Steinmarder;585195;111930;585111;23;6;TRAC;Trittsiegel, Spurenfolge;Spurentunnel;Krautsäume, Hochstaudenfluren und Gebüsche;Waldrand;Isérables, Bulle;ISÉRABLES;VS;1100;19;10;2010;Dessimoz (-Rathey) Emilie;Marchesi Paul;MONITOR_MUST
Martes;foina;Steinmarder;585248;111323;585111;52;6;TRAC;Trittsiegel, Spurenfolge;Spurentunnel;Kunstrasen;Holzlager, Holzstoss;Isérables, Les Chenevires;RIDDES;VS;1092;19;10;2010;Dessimoz (-Rathey) Emilie;Marchesi Paul;MONITOR_MUST
Martes;foina;Steinmarder;598028;236615;598236;205;6;TRAC;Trittsiegel, Spurenfolge;Spurentunnel;Scheune, Schopf;Holzlager, Holzstoss;Grandval, Fin de Craieux;GRANDVAL;BE;576;27;8;2010;Gerber Jean-Claude;Marchesi Paul;MONITOR_MUST
Martes;foina;Steinmarder;646246;215989;646215;240;6;TRAC;Trittsiegel, Spurenfolge;Spurentunnel;Gebüsche;Baumhecke;Menznau, Elswil;MENZNAU;LU;604;20;9;2010;Nienhuis Caroline;Marchesi Paul;MONITOR_MUST
Martes;foina;Steinmarder;649314;211823;649211;296;6;TRAC;Trittsiegel, Spurenfolge;Spurentunnel;Buchenwälder;Halbgestufter Waldrand (nur mit Mantel);Wolhusen, Und. Höchweid;RUSWIL;LU;580;13;9;2010;Nienhuis Caroline;Marchesi Paul;MONITOR_MUST
Martes;foina;Steinmarder;650387;217759;650217;397;6;TRAC;Trittsiegel, Spurenfolge;Spurentunnel;Fettwiesen und -weiden;Mittelhecke (Sträucher);Buttisholz, Dietschlismatt;BUTTISHOLZ;LU;590;20;9;2010;Nienhuis Caroline;Marchesi Paul;MONITOR_MUST
Martes;foina;Steinmarder;656765;262015;656262;181;5;TRAC;Trittsiegel, Spurenfolge;Spurentunnel;Langsam fliessender Bach im Flachland;Baumhecke;Remigen, Aleried;REMIGEN;AG;382;20;10;2010;Wittker Christian;Marchesi Paul;MONITOR_MUST
Martes;foina;Steinmarder;660200;271200;660271;118;4;TRAC;Trittsiegel, Spurenfolge;Spurentunnel;Tierstallungen, Gewächshäuser;Holzschopf, Schuppen;Klingnau, Unteri Au;KLINGNAU;AG;325;4;10;2010;Boschi Cristina;Marchesi Paul;MONITOR_MUST
Martes;foina;Steinmarder;666477;262525;666262;161;6;TRAC;Trittsiegel, Spurenfolge;Spurentunnel;Hochstammobstgarten;Feldgehölz;Lengnau (AG), Husen;LENGNAU (AG);AG;476;29;10;2010;Mermod Murielle;Marchesi Paul;MONITOR_MUST
Martes;foina;Steinmarder;717817;114148;717114;337;6;TRAC;Trittsiegel, Spurenfolge;Spurentunnel;Breites Fliessgewässer des Flachlands;Einzelbaum;Gudo, Gaggiolo, Gaggiolo Lungo;GUDO;TI;209;7;10;2010;Rossi-Pedruzzi Anya;Marchesi Paul;MONITOR_MUST
Martes;foina;Steinmarder;717131;230539;717230;367;6;TRAC;Trittsiegel, Spurenfolge;Spurentunnel;Gebüsche;Baumhecke;Uznach, Kaltbrunner Riet, Entenseeli;UZNACH;SG;407;6;10;2010;Reifler-Bächtiger Martina;Marchesi Paul;MONITOR_MUST
Martes;foina;Steinmarder;717131;230539;717230;367;6;TRAC;Trittsiegel, Spurenfolge;Spurentunnel;Gebüsche;Baumhecke;Uznach, Kaltbrunner Riet, Entenseeli;UZNACH;SG;407;12;10;2010;Reifler-Bächtiger Martina;Marchesi Paul;MONITOR_MUST
Martes;foina;Steinmarder;717131;230539;717230;367;6;TRAC;Trittsiegel, Spurenfolge;Spurentunnel;Gebüsche;Baumhecke;Uznach, Kaltbrunner Riet, Entenseeli;UZNACH;SG;407;28;9;2010;Reifler-Bächtiger Martina;Marchesi Paul;MONITOR_MUST
Martes;foina;Steinmarder;717285;230493;717230;393;6;TRAC;Trittsiegel, Spurenfolge;Spurentunnel;Gebüsche;Baumhecke;Uznach, Kaltbrunner Riet, Kaltbrunnerried;KALTBRUNN;SG;407;20;10;2010;Reifler-Bächtiger Martina;Marchesi Paul;MONITOR_MUST
Martes;foina;Steinmarder;717694;230755;717230;328;6;TRAC;Trittsiegel, Spurenfolge;Spurentunnel;Gebüsche;Baumhecke;Uznach, Kaltbrunner Riet, Rotfarbsteg;UZNACH;SG;407;6;10;2010;Reifler-Bächtiger Martina;Marchesi Paul;MONITOR_MUST
Martes;foina;Steinmarder;719608;126842;719126;397;6;TRAC;Trittsiegel, Spurenfolge;Spurentunnel;Bruch- und Auenwälder;Waldrand;Lodrino, Prosito, Boscone;MOLENO;TI;247;3;11;2010;Rossi-Pedruzzi Anya;Marchesi Paul;MONITOR_MUST
Martes;foina;Steinmarder;719608;126842;719126;397;6;TRAC;Trittsiegel, Spurenfolge;Spurentunnel;Bruch- und Auenwälder;Waldrand;Lodrino, Prosito, Boscone;MOLENO;TI;247;6;10;2010;Rossi-Pedruzzi Anya;Marchesi Paul;MONITOR_MUST
Martes;foina;Steinmarder;719684;126210;719126;267;6;TRAC;Trittsiegel, Spurenfolge;Spurentunnel;Bruch- und Auenwälder;Vollständig gestufter Waldrand (mit Mantel und Saum);Lodrino, Prosito, Boscone;LODRINO;TI;251;13;10;2010;Rossi-Pedruzzi Anya;Marchesi Paul;MONITOR_MUST
Martes;foina;Steinmarder;721350;113410;721113;360;5;TRAC;Trittsiegel, Spurenfolge;Spurentunnel;Andere Laubwälder;Weiher (> 1000 m2);Camorino, San Martino;CAMORINO;TI;320;9;10;2010;Gandolla Silvia;Marchesi Paul;MONITOR_MUST
Martes;foina;Steinmarder;721950;113710;721113;264;5;TRAC;Trittsiegel, Spurenfolge;Spurentunnel;Andere Laubwälder;Waldrand;Camorino, Montagna;CAMORINO;TI;440;6;11;2010;Gandolla Silvia;Marchesi Paul;MONITOR_MUST
Martes;foina;Steinmarder;721950;113710;721113;264;5;TRAC;Trittsiegel, Spurenfolge;Spurentunnel;Andere Laubwälder;Waldrand;Camorino, Montagna;CAMORINO;TI;440;23;10;2010;Gandolla Silvia;Marchesi Paul;MONITOR_MUST
Martes;foina;Steinmarder;721950;113840;721113;361;5;TRAC;Trittsiegel, Spurenfolge;Spurentunnel;Andere Laubwälder;Holzschopf, Schuppen;Camorino, Montagna;CAMORINO;TI;440;6;11;2010;Gandolla Silvia;Marchesi Paul;MONITOR_MUST
Martes;foina;Steinmarder;721950;113840;721113;361;5;TRAC;Trittsiegel, Spurenfolge;Spurentunnel;Andere Laubwälder;Holzschopf, Schuppen;Camorino, Montagna;CAMORINO;TI;440;9;10;2010;Gandolla Silvia;Marchesi Paul;MONITOR_MUST
Martes;foina;Steinmarder;721100;222000;721222;282;5;TRAC;Trittsiegel, Spurenfolge;Spurentunnel;Gebüsche;Baumhecke;Bilten, Obstalden, Stalden;BILTEN;GL;430;27;10;2010;Christen Daniel;Marchesi Paul;MONITOR_MUST
Martes;foina;Steinmarder;721810;222860;721222;405;5;TRAC;Trittsiegel, Spurenfolge;Spurentunnel;Ufer mit Vegetation;Obere Böschung;Bilten, Obstalden, Linthkanal;BILTEN;GL;419;27;10;2010;Christen Daniel;Marchesi Paul;MONITOR_MUST
Martes;foina;Steinmarder;722010;123190;722123;417;4;TRAC;Trittsiegel, Spurenfolge;Spurentunnel;Grasbrachen;Mittelhecke (Sträucher);Claro, Torrazza;CLARO;TI;260;14;10;2010;Mattei-Roesli Marzia;Marchesi Paul;MONITOR_MUST
Martes;foina;Steinmarder;722010;123190;722123;417;4;TRAC;Trittsiegel, Spurenfolge;Spurentunnel;Grasbrachen;Mittelhecke (Sträucher);Claro, Torrazza;CLARO;TI;260;26;10;2010;Mattei-Roesli Marzia;Marchesi Paul;MONITOR_MUST
Martes;foina;Steinmarder;722040;123210;722123;420;4;TRAC;Trittsiegel, Spurenfolge;Spurentunnel;Grasbrachen;Holzschopf, Schuppen;Claro, Torrazza;CLARO;TI;260;14;10;2010;Mattei-Roesli Marzia;Marchesi Paul;MONITOR_MUST
Martes;foina;Steinmarder;722160;123450;722123;422;4;TRAC;Trittsiegel, Spurenfolge;Spurentunnel;Fettwiesen und -weiden;Mittelhecke (Sträucher);Claro, Claro;CLARO;TI;280;6;10;2010;Mattei-Roesli Marzia;Marchesi Paul;MONITOR_MUST
Martes;foina;Steinmarder;722460;123160;722123;261;4;TRAC;Trittsiegel, Spurenfolge;Spurentunnel;Rebberg;Holzschopf, Schuppen;Claro, Cassero;CLARO;TI;280;6;10;2010;Mattei-Roesli Marzia;Marchesi Paul;MONITOR_MUST
Martes;foina;Steinmarder;722460;123160;722123;261;4;TRAC;Trittsiegel, Spurenfolge;Spurentunnel;Rebberg;Holzschopf, Schuppen;Claro, Cassero;CLARO;TI;280;14;10;2010;Mattei-Roesli Marzia;Marchesi Paul;MONITOR_MUST
Martes;foina;Steinmarder;722460;123160;722123;261;4;TRAC;Trittsiegel, Spurenfolge;Spurentunnel;Rebberg;Holzschopf, Schuppen;Claro, Cassero;CLARO;TI;280;19;10;2010;Mattei-Roesli Marzia;Marchesi Paul;MONITOR_MUST
Martes;foina;Steinmarder;722460;123160;722123;261;4;TRAC;Trittsiegel, Spurenfolge;Spurentunnel;Rebberg;Holzschopf, Schuppen;Claro, Cassero;CLARO;TI;280;26;10;2010;Mattei-Roesli Marzia;Marchesi Paul;MONITOR_MUST
Martes;foina;Steinmarder;722670;123830;722123;423;4;TRAC;Trittsiegel, Spurenfolge;Spurentunnel;Gebüsche;Baumhecke;Claro, Brogo;CLARO;TI;360;19;10;2010;Mattei-Roesli Marzia;Marchesi Paul;MONITOR_MUST
Martes;foina;Steinmarder;722670;123830;722123;423;4;TRAC;Trittsiegel, Spurenfolge;Spurentunnel;Gebüsche;Baumhecke;Claro, Brogo;CLARO;TI;360;26;10;2010;Mattei-Roesli Marzia;Marchesi Paul;MONITOR_MUST
Martes;foina;Steinmarder;722750;123280;722123;377;4;TRAC;Trittsiegel, Spurenfolge;Spurentunnel;Laubwald mit immergrünen Sträuchern;Ungestufter Waldrand (weder Mantel noch Saum);Claro, Cassero;CLARO;TI;320;5;11;2010;Mattei-Roesli Marzia;Marchesi Paul;MONITOR_MUST
Martes;foina;Steinmarder;723060;116345;723116;226;5;TRAC;Trittsiegel, Spurenfolge;Spurentunnel;Nebengebäude, Halle, Garage;Mauer, Stützmauer;Bellinzona, Dragonato, Laghetto;BELLINZONA;TI;440;6;11;2010;Gandolla Silvia;Marchesi Paul;MONITOR_MUST
Martes;foina;Steinmarder;723060;116345;723116;226;5;TRAC;Trittsiegel, Spurenfolge;Spurentunnel;Nebengebäude, Halle, Garage;Mauer, Stützmauer;Bellinzona, Dragonato, Laghetto;BELLINZONA;TI;440;17;10;2010;Gandolla Silvia;Marchesi Paul;MONITOR_MUST
Martes;foina;Steinmarder;723310;116810;723116;296;5;TRAC;Trittsiegel, Spurenfolge;Spurentunnel;Grünland (Naturrasen, Wiesen und Weiden);Trockenmauer (freistehend);Bellinzona, Dragonato, Artore;BELLINZONA;TI;430;6;11;2010;Gandolla Silvia;Marchesi Paul;MONITOR_MUST
Martes;foina;Steinmarder;723310;116810;723116;296;5;TRAC;Trittsiegel, Spurenfolge;Spurentunnel;Grünland (Naturrasen, Wiesen und Weiden);Trockenmauer (freistehend);Bellinzona, Dragonato, Artore;BELLINZONA;TI;430;17;10;2010;Gandolla Silvia;Marchesi Paul;MONITOR_MUST
Martes;foina;Steinmarder;723380;116750;723116;225;5;TRAC;Trittsiegel, Spurenfolge;Spurentunnel;Andere Laubwälder;Einzelbaum;Bellinzona, Dragonato, Artore;BELLINZONA;TI;460;6;11;2010;Gandolla Silvia;Marchesi Paul;MONITOR_MUST
Martes;foina;Steinmarder;723380;116750;723116;225;5;TRAC;Trittsiegel, Spurenfolge;Spurentunnel;Andere Laubwälder;Einzelbaum;Bellinzona, Dragonato, Artore;BELLINZONA;TI;460;17;10;2010;Gandolla Silvia;Marchesi Paul;MONITOR_MUST
Martes;foina;Steinmarder;723380;116750;723116;225;5;TRAC;Trittsiegel, Spurenfolge;Spurentunnel;Andere Laubwälder;Einzelbaum;Bellinzona, Dragonato, Artore;BELLINZONA;TI;460;31;10;2010;Gandolla Silvia;Marchesi Paul;MONITOR_MUST
Martes;foina;Steinmarder;726840;114590;726114;424;5;TRAC;Trittsiegel, Spurenfolge;Spurentunnel;Sennhütte, Chalet;Trockenmauer (freistehend);Sant'Antonio, Melera, Melera;SANT'ANTONIO;TI;970;17;10;2010;Gandolla Silvia;Marchesi Paul;MONITOR_MUST
Martes;foina;Steinmarder;726840;114590;726114;424;5;TRAC;Trittsiegel, Spurenfolge;Spurentunnel;Sennhütte, Chalet;Trockenmauer (freistehend);Sant'Antonio, Melera, Melera;SANT'ANTONIO;TI;970;23;10;2010;Gandolla Silvia;Marchesi Paul;MONITOR_MUST
Martes;foina;Steinmarder;817266;187508;817187;399;6;TRAC;Trittsiegel, Spurenfolge;Spurentunnel;Gebirgs-Nadelwälder;Ungestufter Waldrand (weder Mantel noch Saum);Scuol, Val Chalzina;SCUOL;GR;1572;1;9;2010;Mayer Jon;Marchesi Paul;MONITOR_MUST
Martes;martes;Baummarder;566090;166185;566166;57;5;TRAC;Trittsiegel, Spurenfolge;Spurentunnel;Gebüsche;Ungestufter Waldrand (weder Mantel noch Saum);Romanens  / Maules, Communs de Maules;MAULES;FR;945;12;9;2010;Fasel Nicolas;Marchesi Paul;MONITOR_MUST
Martes;martes;Baummarder;566230;166017;566166;55;6;TRAC;Trittsiegel, Spurenfolge;Spurentunnel;Ufer mit Vegetation;Bach (Breite 0.5-5 m);Romanens  / Maules, Communs de Maules;MAULES;FR;940;17;9;2010;Fasel Nicolas;Marchesi Paul;MONITOR_MUST
Martes;martes;Baummarder;566358;166439;566166;38;6;TRAC;Trittsiegel, Spurenfolge;Spurentunnel;Gebüsche;Holzlager, Holzstoss;Romanens  / Maules, Communs de Maules;MAULES;FR;960;23;8;2010;Capt Simon;Marchesi Paul;MONITOR_MUST
Martes;martes;Baummarder;721350;113410;721113;360;5;TRAC;Trittsiegel, Spurenfolge;Spurentunnel;Andere Laubwälder;Weiher (> 1000 m2);Camorino, San Martino;CAMORINO;TI;320;17;10;2010;Gandolla Silvia;Marchesi Paul;MONITOR_MUST
Mustela;erminea;Hermelin;557267;169641;557169;87;5;TRAC;Trittsiegel, Spurenfolge;Spurentunnel;Fliessgewässer;Bach (Breite 0.5-5 m);Hennens, Pra Longet;BILLENS-HENNENS;FR;795;17;9;2010;Ghali Karim;Marchesi Paul;MONITOR_MUST
Mustela;erminea;Hermelin;557493;169295;557169;62;6;TRAC;Trittsiegel, Spurenfolge;Spurentunnel;Fliessgewässer;Bach (Breite 0.5-5 m);Hennens, Pré Comunau;SIVIRIEZ;FR;780;17;9;2010;Ghali Karim;Marchesi Paul;MONITOR_MUST
Mustela;erminea;Hermelin;557493;169295;557169;62;6;TRAC;Trittsiegel, Spurenfolge;Spurentunnel;Fliessgewässer;Bach (Breite 0.5-5 m);Hennens, Pré Comunau;SIVIRIEZ;FR;780;23;9;2010;Ghali Karim;Marchesi Paul;MONITOR_MUST
Mustela;erminea;Hermelin;557493;169295;557169;62;6;TRAC;Trittsiegel, Spurenfolge;Spurentunnel;Fliessgewässer;Bach (Breite 0.5-5 m);Hennens, Pré Comunau;SIVIRIEZ;FR;780;26;8;2010;Ghali Karim;Marchesi Paul;MONITOR_MUST
Mustela;erminea;Hermelin;557529;169854;557169;94;6;TRAC;Trittsiegel, Spurenfolge;Spurentunnel;Fliessgewässer;Bach (Breite 0.5-5 m);Hennens, 19. 8. 2010;BILLENS-HENNENS;FR;779;17;9;2010;Ghali Karim;Marchesi Paul;MONITOR_MUST
Mustela;erminea;Hermelin;557529;169854;557169;94;6;TRAC;Trittsiegel, Spurenfolge;Spurentunnel;Fliessgewässer;Bach (Breite 0.5-5 m);Hennens, 19. 8. 2010;BILLENS-HENNENS;FR;779;26;8;2010;Ghali Karim;Marchesi Paul;MONITOR_MUST
Mustela;erminea;Hermelin;557873;169517;557169;28;6;TRAC;Trittsiegel, Spurenfolge;Spurentunnel;Fliessgewässer;Bach (Breite 0.5-5 m);Hennens, Pra Longet;BILLENS-HENNENS;FR;772;9;9;2010;Ghali Karim;Marchesi Paul;MONITOR_MUST
Mustela;erminea;Hermelin;558524;166370;558166;2;6;TRAC;Trittsiegel, Spurenfolge;Spurentunnel;Fliessgewässer;Bach (Breite 0.5-5 m);Chavannes-les-Forts, Chavannes-les-Forts;CHAVANNES-LES-FORTS;FR;785;2;9;2010;Ghali Karim;Marchesi Paul;MONITOR_MUST
Mustela;erminea;Hermelin;565062;176343;565176;29;6;TRAC;Trittsiegel, Spurenfolge;Spurentunnel;Gebüsche;Einzelbaum;Villarimboud, La Palle;VILLARIMBOUD;FR;690;6;9;2010;Fasel Nicolas;Marchesi Paul;MONITOR_MUST
Mustela;erminea;Hermelin;565062;176343;565176;29;6;TRAC;Trittsiegel, Spurenfolge;Spurentunnel;Gebüsche;Einzelbaum;Villarimboud, La Palle;VILLARIMBOUD;FR;690;23;8;2010;Capt Simon;Marchesi Paul;MONITOR_MUST
Mustela;erminea;Hermelin;565062;176343;565176;29;6;TRAC;Trittsiegel, Spurenfolge;Spurentunnel;Gebüsche;Einzelbaum;Villarimboud, La Palle;VILLARIMBOUD;FR;690;28;8;2010;Capt Simon;Marchesi Paul;MONITOR_MUST
Mustela;erminea;Hermelin;565554;176304;565176;8;6;TRAC;Trittsiegel, Spurenfolge;Spurentunnel;Gebüsche;Vollständig gestufter Waldrand (mit Mantel und Saum);Villarimboud, Vuguy;VILLARIMBOUD;FR;690;23;8;2010;Capt Simon;Marchesi Paul;MONITOR_MUST
Mustela;erminea;Hermelin;565581;176999;565176;23;6;TRAC;Trittsiegel, Spurenfolge;Spurentunnel;Gebüsche;Halbgestufter Waldrand (nur mit Mantel);Villarimboud, Vuguy;CHENENS;FR;725;6;9;2010;Fasel Nicolas;Marchesi Paul;MONITOR_MUST
Mustela;erminea;Hermelin;565581;176999;565176;23;6;TRAC;Trittsiegel, Spurenfolge;Spurentunnel;Gebüsche;Halbgestufter Waldrand (nur mit Mantel);Villarimboud, Vuguy;CHENENS;FR;725;28;9;2010;Capt Simon;Marchesi Paul;MONITOR_MUST
Mustela;erminea;Hermelin;565810;176240;565176;82;5;TRAC;Trittsiegel, Spurenfolge;Spurentunnel;Ufer und Feuchtgebiete;Hecke;Moulin de Chénens;VILLORSONNENS;FR;660;17;11;2009;Aebischer Adrian; ;MONITOR_MUST
Mustela;erminea;Hermelin;565934;176938;565176;3;6;TRAC;Trittsiegel, Spurenfolge;Spurentunnel;Fettwiesen und -weiden;Bächlein, Rinnsal (Breite < 0.5 m);Villarimboud, Vuguy;CHENENS;FR;705;28;8;2010;Capt Simon;Marchesi Paul;MONITOR_MUST
Mustela;erminea;Hermelin;565944;176098;565176;30;6;TRAC;Trittsiegel, Spurenfolge;Spurentunnel;Ufer mit Vegetation;Fluss klein (Breite 5-10 m);Villarimboud, Moulin de Chénens;CHAVANNES-ORSONNEN;FR;660;6;9;2010;Fasel Nicolas;Marchesi Paul;MONITOR_MUST
Mustela;erminea;Hermelin;565944;176098;565176;30;6;TRAC;Trittsiegel, Spurenfolge;Spurentunnel;Ufer mit Vegetation;Fluss klein (Breite 5-10 m);Villarimboud, Moulin de Chénens;CHAVANNES-ORSONNEN;FR;660;12;9;2010;Fasel Nicolas;Marchesi Paul;MONITOR_MUST
Mustela;erminea;Hermelin;565944;176098;565176;30;6;TRAC;Trittsiegel, Spurenfolge;Spurentunnel;Ufer mit Vegetation;Fluss klein (Breite 5-10 m);Villarimboud, Moulin de Chénens;CHAVANNES-ORSONNEN;FR;660;17;9;2010;Fasel Nicolas;Marchesi Paul;MONITOR_MUST
Mustela;erminea;Hermelin;565944;176098;565176;30;6;TRAC;Trittsiegel, Spurenfolge;Spurentunnel;Ufer mit Vegetation;Fluss klein (Breite 5-10 m);Villarimboud, Moulin de Chénens;CHAVANNES-ORSONNEN;FR;660;28;8;2010;Capt Simon;Marchesi Paul;MONITOR_MUST
Mustela;erminea;Hermelin;566090;166185;566166;57;5;TRAC;Trittsiegel, Spurenfolge;Spurentunnel;Gebüsche;Ungestufter Waldrand (weder Mantel noch Saum);Romanens  / Maules, Communs de Maules;MAULES;FR;945;6;9;2010;Fasel Nicolas;Marchesi Paul;MONITOR_MUST
Mustela;erminea;Hermelin;566090;166185;566166;57;5;TRAC;Trittsiegel, Spurenfolge;Spurentunnel;Gebüsche;Ungestufter Waldrand (weder Mantel noch Saum);Romanens  / Maules, Communs de Maules;MAULES;FR;945;12;9;2010;Fasel Nicolas;Marchesi Paul;MONITOR_MUST
Mustela;erminea;Hermelin;566090;166185;566166;57;5;TRAC;Trittsiegel, Spurenfolge;Spurentunnel;Gebüsche;Ungestufter Waldrand (weder Mantel noch Saum);Romanens  / Maules, Communs de Maules;MAULES;FR;945;25;8;2010;Capt Simon;Marchesi Paul;MONITOR_MUST
Mustela;erminea;Hermelin;566120;166462;566166;24;6;TRAC;Trittsiegel, Spurenfolge;Spurentunnel;Fettwiesen und -weiden;Intensive Wiese;Romanens  / Maules, Le Dévin;MAULES;FR;960;12;9;2010;Fasel Nicolas;Marchesi Paul;MONITOR_MUST
Mustela;erminea;Hermelin;566120;166462;566166;24;6;TRAC;Trittsiegel, Spurenfolge;Spurentunnel;Fettwiesen und -weiden;Intensive Wiese;Romanens  / Maules, Le Dévin;MAULES;FR;960;17;9;2010;Fasel Nicolas;Marchesi Paul;MONITOR_MUST
Mustela;erminea;Hermelin;566230;166017;566166;55;6;TRAC;Trittsiegel, Spurenfolge;Spurentunnel;Ufer mit Vegetation;Bach (Breite 0.5-5 m);Romanens  / Maules, Communs de Maules;MAULES;FR;940;6;9;2010;Fasel Nicolas;Marchesi Paul;MONITOR_MUST
Mustela;erminea;Hermelin;566230;166017;566166;55;6;TRAC;Trittsiegel, Spurenfolge;Spurentunnel;Ufer mit Vegetation;Bach (Breite 0.5-5 m);Romanens  / Maules, Communs de Maules;MAULES;FR;940;12;9;2010;Fasel Nicolas;Marchesi Paul;MONITOR_MUST
Mustela;erminea;Hermelin;566230;166017;566166;55;6;TRAC;Trittsiegel, Spurenfolge;Spurentunnel;Ufer mit Vegetation;Bach (Breite 0.5-5 m);Romanens  / Maules, Communs de Maules;MAULES;FR;940;28;8;2010;Capt Simon;Marchesi Paul;MONITOR_MUST
Mustela;erminea;Hermelin;566358;166439;566166;38;6;TRAC;Trittsiegel, Spurenfolge;Spurentunnel;Gebüsche;Holzlager, Holzstoss;Romanens  / Maules, Communs de Maules;MAULES;FR;960;23;8;2010;Capt Simon;Marchesi Paul;MONITOR_MUST
Mustela;erminea;Hermelin;568253;171047;568171;50;6;TRAC;Trittsiegel, Spurenfolge;Spurentunnel;Gebüsche;Ungestufter Waldrand (weder Mantel noch Saum);Villarsiviriaux, Le Plaigno;VILLARSIVIRIAUX;FR;970;5;9;2010;Fasel Nicolas;Marchesi Paul;MONITOR_MUST
Mustela;erminea;Hermelin;568357;171550;568171;69;6;TRAC;Trittsiegel, Spurenfolge;Spurentunnel;;Baumhecke;Plaigno;VILLORSONNENS;FR;915;10;11;2009;Aebischer Adrian; ;MONITOR_MUST
Mustela;erminea;Hermelin;568357;171550;568171;69;6;TRAC;Trittsiegel, Spurenfolge;Spurentunnel;;Baumhecke;Plaigno;VILLORSONNENS;FR;915;24;10;2009;Aebischer Adrian; ;MONITOR_MUST
Mustela;erminea;Hermelin;568476;171706;568171;31;6;TRAC;Trittsiegel, Spurenfolge;Spurentunnel;Gebüsche;Ungestufter Waldrand (weder Mantel noch Saum);Villarsiviriaux, Pré de la maison;VILLARLOD;FR;890;5;9;2010;Fasel Nicolas;Marchesi Paul;MONITOR_MUST
Mustela;erminea;Hermelin;568494;171365;568171;46;6;TRAC;Trittsiegel, Spurenfolge;Spurentunnel;Gebüsche;Halbgestufter Waldrand (nur mit Mantel);Villarsiviriaux, Plaigno;VILLARSIVIRIAUX;FR;930;5;9;2010;Fasel Nicolas;Marchesi Paul;MONITOR_MUST
Mustela;erminea;Hermelin;568494;171365;568171;46;6;TRAC;Trittsiegel, Spurenfolge;Spurentunnel;Gebüsche;Halbgestufter Waldrand (nur mit Mantel);Villarsiviriaux, Plaigno;VILLARSIVIRIAUX;FR;930;12;9;2010;Fasel Nicolas;Marchesi Paul;MONITOR_MUST
Mustela;erminea;Hermelin;568494;171365;568171;46;6;TRAC;Trittsiegel, Spurenfolge;Spurentunnel;Gebüsche;Halbgestufter Waldrand (nur mit Mantel);Villarsiviriaux, Plaigno;VILLARSIVIRIAUX;FR;930;17;9;2010;Fasel Nicolas;Marchesi Paul;MONITOR_MUST
Mustela;erminea;Hermelin;568679;171582;568171;96;6;TRAC;Trittsiegel, Spurenfolge;Spurentunnel;Wälder;Hochwald;Villarsiviriaux, Les Planches;VILLARLOD;FR;915;12;9;2010;Fasel Nicolas;Marchesi Paul;MONITOR_MUST
Mustela;erminea;Hermelin;568868;171509;568171;98;6;TRAC;Trittsiegel, Spurenfolge;Spurentunnel;Bauten;Holzschopf, Schuppen;Villarsiviriaux, Les Planches;VILLARLOD;FR;935;5;9;2010;Fasel Nicolas;Marchesi Paul;MONITOR_MUST
Mustela;erminea;Hermelin;568868;171509;568171;98;6;TRAC;Trittsiegel, Spurenfolge;Spurentunnel;Bauten;Holzschopf, Schuppen;Villarsiviriaux, Les Planches;VILLARLOD;FR;935;12;9;2010;Fasel Nicolas;Marchesi Paul;MONITOR_MUST
Mustela;erminea;Hermelin;568868;171509;568171;98;6;TRAC;Trittsiegel, Spurenfolge;Spurentunnel;Bauten;Holzschopf, Schuppen;Villarsiviriaux, Les Planches;VILLARLOD;FR;935;17;9;2010;Fasel Nicolas;Marchesi Paul;MONITOR_MUST
Mustela;erminea;Hermelin;575111;168144;575168;26;6;TRAC;Trittsiegel, Spurenfolge;Spurentunnel;Gebüschreiche Vorwaldgesellschaften;Baumhecke;Hauteville, La Sauge;HAUTEVILLE;FR;835;2;9;2010;Ghali Karim;Marchesi Paul;MONITOR_MUST
Mustela;erminea;Hermelin;577006;108945;577108;56;6;TRAC;Trittsiegel, Spurenfolge;Spurentunnel;Fettwiesen und -weiden;Baumhecke;Charrat, Grand Botsat;CHARRAT;VS;458;7;10;2010;Gex-Fabry Emilie;Marchesi Paul;MONITOR_MUST
Mustela;erminea;Hermelin;577006;108945;577108;56;6;TRAC;Trittsiegel, Spurenfolge;Spurentunnel;Fettwiesen und -weiden;Baumhecke;Charrat, Grand Botsat;CHARRAT;VS;458;14;10;2010;Gex-Fabry Emilie;Marchesi Paul;MONITOR_MUST
Mustela;erminea;Hermelin;577050;237430;577237;192;5;TRAC;Trittsiegel, Spurenfolge;Spurentunnel;Ufer mit Vegetation;Teich künstlich, Staubecken (uferverbaut);Saulcy, Melin dô le Crat;LAJOUX (JU);JU;930;25;8;2010;Froidevaux Viviane;Marchesi Paul;MONITOR_MUST
Mustela;erminea;Hermelin;577280;237860;577237;154;5;TRAC;Trittsiegel, Spurenfolge;Spurentunnel;Gebüsche;Baumhecke;Saulcy, Plain de Cernre;SAULCY;JU;970;14;9;2010;Froidevaux Viviane;Marchesi Paul;MONITOR_MUST
Mustela;erminea;Hermelin;577280;237860;577237;154;5;TRAC;Trittsiegel, Spurenfolge;Spurentunnel;Gebüsche;Baumhecke;Saulcy, Plain de Cernre;SAULCY;JU;970;19;8;2010;Froidevaux Viviane;Marchesi Paul;MONITOR_MUST
Mustela;erminea;Hermelin;577280;237860;577237;154;5;TRAC;Trittsiegel, Spurenfolge;Spurentunnel;Gebüsche;Baumhecke;Saulcy, Plain de Cernre;SAULCY;JU;970;25;8;2010;Froidevaux Viviane;Marchesi Paul;MONITOR_MUST
Mustela;erminea;Hermelin;578239;116574;578116;19;6;TRAC;Trittsiegel, Spurenfolge;Spurentunnel;Gebirgs-Magerrasen;Holzschopf, Schuppen;Leytron, Odonne;LEYTRON;VS;1613;12;10;2010;Dessimoz (-Rathey) Emilie;Marchesi Paul;MONITOR_MUST
Mustela;erminea;Hermelin;578450;234210;578234;143;5;TRAC;Trittsiegel, Spurenfolge;Spurentunnel;Gebüsche;Wiese;Saicourt, La Noz , Etang de la Noz (W);SAICOURT;BE;648;14;9;2010;Froidevaux Viviane;Marchesi Paul;MONITOR_MUST
Mustela;erminea;Hermelin;578690;234280;578234;160;5;TRAC;Trittsiegel, Spurenfolge;Spurentunnel;Ufer mit Vegetation;Teich künstlich, Staubecken (uferverbaut);Saicourt, La Noz , Etang la Noz (NE);SAICOURT;BE;947;25;8;2010;Froidevaux Viviane;Marchesi Paul;MONITOR_MUST
Mustela;erminea;Hermelin;578690;234280;578234;160;5;TRAC;Trittsiegel, Spurenfolge;Spurentunnel;Ufer mit Vegetation;Teich künstlich, Staubecken (uferverbaut);Saicourt, La Noz , Etang la Noz (NE);SAICOURT;BE;947;31;8;2010;Froidevaux Viviane;Marchesi Paul;MONITOR_MUST
Mustela;erminea;Hermelin;579055;176188;579176;223;6;TRAC;Trittsiegel, Spurenfolge;Spurentunnel;Gebüsche;Bächlein, Rinnsal (Breite < 0.5 m);Essert / Ferpicloz, Misely;ESSERT FR;FR;790;23;8;2010;Capt Simon;Marchesi Paul;MONITOR_MUST
Mustela;erminea;Hermelin;579407;176916;579176;76;5;TRAC;Trittsiegel, Spurenfolge;Spurentunnel;Röhricht;Ufer Stehgewässer;Le Mouret;LE MOURET;FR;760;13;11;2009;Capt Simon; ;MONITOR_MUST
Mustela;erminea;Hermelin;579407;176916;579176;76;5;TRAC;Trittsiegel, Spurenfolge;Spurentunnel;Röhricht;Ufer Stehgewässer;Le Mouret;LE MOURET;FR;760;20;11;2009;Capt Simon; ;MONITOR_MUST
Mustela;erminea;Hermelin;579465;176259;579176;269;6;TRAC;Trittsiegel, Spurenfolge;Spurentunnel;Ufer mit Vegetation;Bach (Breite 0.5-5 m);Essert / Ferpicloz, La Piodxe;MONTÉVRAZ;FR;760;7;9;2010;Capt Sandrine;Marchesi Paul;MONITOR_MUST
Mustela;erminea;Hermelin;579465;176259;579176;269;6;TRAC;Trittsiegel, Spurenfolge;Spurentunnel;Ufer mit Vegetation;Bach (Breite 0.5-5 m);Essert / Ferpicloz, La Piodxe;MONTÉVRAZ;FR;760;13;9;2010;Capt Sandrine;Marchesi Paul;MONITOR_MUST
Mustela;erminea;Hermelin;579465;176259;579176;269;6;TRAC;Trittsiegel, Spurenfolge;Spurentunnel;Ufer mit Vegetation;Bach (Breite 0.5-5 m);Essert / Ferpicloz, La Piodxe;MONTÉVRAZ;FR;760;23;8;2010;Capt Simon;Marchesi Paul;MONITOR_MUST
Mustela;erminea;Hermelin;579744;176636;579176;268;6;TRAC;Trittsiegel, Spurenfolge;Spurentunnel;Ufer mit Vegetation;Bach (Breite 0.5-5 m);Essert / Ferpicloz, Le Mouret;MONTÉVRAZ;FR;758;23;8;2010;Capt Simon;Marchesi Paul;MONITOR_MUST
Mustela;erminea;Hermelin;580890;232110;580232;131;4;TRAC;Trittsiegel, Spurenfolge;Spurentunnel;Krautsäume;Halbgestufter Waldrand (nur mit Mantel);Saicourt, Le Fuet, Forêt de Chaindon;SAICOURT;BE;776;6;9;2010;Froidevaux Viviane;Marchesi Paul;MONITOR_MUST
Mustela;erminea;Hermelin;580890;232110;580232;131;4;TRAC;Trittsiegel, Spurenfolge;Spurentunnel;Krautsäume;Halbgestufter Waldrand (nur mit Mantel);Saicourt, Le Fuet, Forêt de Chaindon;SAICOURT;BE;776;13;9;2010;Froidevaux Viviane;Marchesi Paul;MONITOR_MUST
Mustela;erminea;Hermelin;581245;111917;581111;4;6;TRAC;Trittsiegel, Spurenfolge;Spurentunnel;Niederstammobstgarten;Holzschopf, Schuppen;Saxon, Les Frasses, Pro Bovey;SAXON;VS;473;2;11;2010;Dessimoz (-Rathey) Emilie;Marchesi Paul;MONITOR_MUST
Mustela;erminea;Hermelin;581245;111917;581111;4;6;TRAC;Trittsiegel, Spurenfolge;Spurentunnel;Niederstammobstgarten;Holzschopf, Schuppen;Saxon, Les Frasses, Pro Bovey;SAXON;VS;473;5;10;2010;Dessimoz (-Rathey) Emilie;Marchesi Paul;MONITOR_MUST
Mustela;erminea;Hermelin;581245;111917;581111;4;6;TRAC;Trittsiegel, Spurenfolge;Spurentunnel;Niederstammobstgarten;Holzschopf, Schuppen;Saxon, Les Frasses, Pro Bovey;SAXON;VS;473;12;10;2010;Dessimoz (-Rathey) Emilie;Marchesi Paul;MONITOR_MUST
Mustela;erminea;Hermelin;581245;111917;581111;4;6;TRAC;Trittsiegel, Spurenfolge;Spurentunnel;Niederstammobstgarten;Holzschopf, Schuppen;Saxon, Les Frasses, Pro Bovey;SAXON;VS;473;19;10;2010;Dessimoz (-Rathey) Emilie;Marchesi Paul;MONITOR_MUST
Mustela;erminea;Hermelin;581245;111917;581111;4;6;TRAC;Trittsiegel, Spurenfolge;Spurentunnel;Niederstammobstgarten;Holzschopf, Schuppen;Saxon, Les Frasses, Pro Bovey;SAXON;VS;473;26;10;2010;Dessimoz (-Rathey) Emilie;Marchesi Paul;MONITOR_MUST
Mustela;erminea;Hermelin;581450;111342;581111;270;6;TRAC;Trittsiegel, Spurenfolge;Spurentunnel;Niederstammobstgarten;Holzschopf, Schuppen;Saxon, Les Frasses, Les Frasses;SAXON;VS;472;2;11;2010;Dessimoz (-Rathey) Emilie;Marchesi Paul;MONITOR_MUST
Mustela;erminea;Hermelin;581450;111342;581111;270;6;TRAC;Trittsiegel, Spurenfolge;Spurentunnel;Niederstammobstgarten;Holzschopf, Schuppen;Saxon, Les Frasses, Les Frasses;SAXON;VS;472;5;10;2010;Dessimoz (-Rathey) Emilie;Marchesi Paul;MONITOR_MUST
Mustela;erminea;Hermelin;581450;111342;581111;270;6;TRAC;Trittsiegel, Spurenfolge;Spurentunnel;Niederstammobstgarten;Holzschopf, Schuppen;Saxon, Les Frasses, Les Frasses;SAXON;VS;472;12;10;2010;Dessimoz (-Rathey) Emilie;Marchesi Paul;MONITOR_MUST
Mustela;erminea;Hermelin;581450;111342;581111;270;6;TRAC;Trittsiegel, Spurenfolge;Spurentunnel;Niederstammobstgarten;Holzschopf, Schuppen;Saxon, Les Frasses, Les Frasses;SAXON;VS;472;19;10;2010;Dessimoz (-Rathey) Emilie;Marchesi Paul;MONITOR_MUST
Mustela;erminea;Hermelin;581450;111342;581111;270;6;TRAC;Trittsiegel, Spurenfolge;Spurentunnel;Niederstammobstgarten;Holzschopf, Schuppen;Saxon, Les Frasses, Les Frasses;SAXON;VS;472;26;10;2010;Dessimoz (-Rathey) Emilie;Marchesi Paul;MONITOR_MUST
Mustela;erminea;Hermelin;581250;241620;581241;189;5;TRAC;Trittsiegel, Spurenfolge;Spurentunnel;Hartholz-Auenwald;Holzlager, Holzstoss;Glovelier, Combes Régonatte;GLOVELIER;JU;595;2;9;2010;Erne Bettina;Marchesi Paul;MONITOR_MUST
Mustela;erminea;Hermelin;581250;241620;581241;189;5;TRAC;Trittsiegel, Spurenfolge;Spurentunnel;Hartholz-Auenwald;Holzlager, Holzstoss;Glovelier, Combes Régonatte;GLOVELIER;JU;595;9;9;2010;Erne Bettina;Marchesi Paul;MONITOR_MUST
Mustela;erminea;Hermelin;581250;241620;581241;189;5;TRAC;Trittsiegel, Spurenfolge;Spurentunnel;Hartholz-Auenwald;Holzlager, Holzstoss;Glovelier, Combes Régonatte;GLOVELIER;JU;595;16;9;2010;Erne Bettina;Marchesi Paul;MONITOR_MUST
Mustela;erminea;Hermelin;581250;241620;581241;189;5;TRAC;Trittsiegel, Spurenfolge;Spurentunnel;Hartholz-Auenwald;Holzlager, Holzstoss;Glovelier, Combes Régonatte;GLOVELIER;JU;595;26;8;2010;Erne Bettina;Marchesi Paul;MONITOR_MUST
Mustela;erminea;Hermelin;581250;241620;581241;189;5;TRAC;Trittsiegel, Spurenfolge;Spurentunnel;Hartholz-Auenwald;Holzlager, Holzstoss;Glovelier, Combes Régonatte;GLOVELIER;JU;595;26;8;2010;Erne Bettina;Marchesi Paul;MONITOR_MUST
Mustela;erminea;Hermelin;581520;241700;581241;103;5;TRAC;Trittsiegel, Spurenfolge;Spurentunnel;Gebüsche;Mittelhecke (Sträucher);Glovelier, Dos le Brai;GLOVELIER;JU;605;16;9;2010;Erne Bettina;Marchesi Paul;MONITOR_MUST
Mustela;erminea;Hermelin;581520;241700;581241;103;5;TRAC;Trittsiegel, Spurenfolge;Spurentunnel;Gebüsche;Mittelhecke (Sträucher);Glovelier, Dos le Brai;GLOVELIER;JU;605;21;9;2010;Erne Bettina;Marchesi Paul;MONITOR_MUST
Mustela;erminea;Hermelin;581980;241660;581241;181;5;TRAC;Trittsiegel, Spurenfolge;Spurentunnel;Gebüschreiche Vorwaldgesellschaften;Waldweide;Glovelier, Dos le Brai;GLOVELIER;JU;635;9;9;2010;Erne Bettina;Marchesi Paul;MONITOR_MUST
Mustela;erminea;Hermelin;581980;241660;581241;181;5;TRAC;Trittsiegel, Spurenfolge;Spurentunnel;Gebüschreiche Vorwaldgesellschaften;Waldweide;Glovelier, Dos le Brai;GLOVELIER;JU;635;16;9;2010;Erne Bettina;Marchesi Paul;MONITOR_MUST
Mustela;erminea;Hermelin;581980;241660;581241;181;5;TRAC;Trittsiegel, Spurenfolge;Spurentunnel;Gebüschreiche Vorwaldgesellschaften;Waldweide;Glovelier, Dos le Brai;GLOVELIER;JU;635;21;9;2010;Erne Bettina;Marchesi Paul;MONITOR_MUST
Mustela;erminea;Hermelin;583422;172644;583172;99;6;TRAC;Trittsiegel, Spurenfolge;Spurentunnel;Krautsäume, Hochstaudenfluren und Gebüsche;Wildbach;Lenzburgera;PLASSELB;FR;1050;16;10;2009;Capt Simon; ;MONITOR_MUST
Mustela;erminea;Hermelin;583422;172644;583172;99;6;TRAC;Trittsiegel, Spurenfolge;Spurentunnel;Krautsäume, Hochstaudenfluren und Gebüsche;Wildbach;Lenzburgera;PLASSELB;FR;1050;23;10;2009;Capt Simon; ;MONITOR_MUST
Mustela;erminea;Hermelin;583539;172683;583172;99;6;TRAC;Trittsiegel, Spurenfolge;Spurentunnel;Gebirgs-Magerrasen;Lesesteinhaufen;Plasselb, Lenzburgera;PLASSELB;FR;1035;30;8;2010;Capt Sandrine;Marchesi Paul;MONITOR_MUST
Mustela;erminea;Hermelin;583840;172590;583172;96;5;TRAC;Trittsiegel, Spurenfolge;Spurentunnel;Talfettweide (Kammgrasweide);Holzschopf, Schuppen;Undere Räscher;PLASSELB;FR;1045;21;11;2009;Capt Simon; ;MONITOR_MUST
Mustela;erminea;Hermelin;585435;174940;585174;85;6;TRAC;Trittsiegel, Spurenfolge;Spurentunnel;Fettwiesen und -weiden;Feldgehölz;Plasselb, Allmit;PLASSELB;FR;850;23;8;2010;Capt Simon;Marchesi Paul;MONITOR_MUST
Mustela;erminea;Hermelin;587305;239060;587239;182;5;TRAC;Trittsiegel, Spurenfolge;Spurentunnel;Nebengebäude, Halle, Garage;Bach (Breite 0.5-5 m);Soulce, Soulce, sud village;SOULCE;JU;610;16;9;2010;Erne Bettina;Marchesi Paul;MONITOR_MUST
Mustela;erminea;Hermelin;587890;239160;587239;190;5;TRAC;Trittsiegel, Spurenfolge;Spurentunnel;Fettwiesen und -weiden;Niederhecke (Kleinsträucher);Soulce, Fin de Roudgeolaine;SOULCE;JU;635;26;8;2010;Erne Bettina;Marchesi Paul;MONITOR_MUST
Mustela;erminea;Hermelin;587160;243040;587243;116;5;TRAC;Trittsiegel, Spurenfolge;Spurentunnel;Bruch- und Auenwälder;Bächlein, Rinnsal (Breite < 0.5 m);Courfaivre, Les Essert, Les Petits Aingles;COURFAIVRE;JU;460;21;9;2010;Erne Bettina;Marchesi Paul;MONITOR_MUST
Mustela;erminea;Hermelin;587260;243520;587243;113;5;TRAC;Trittsiegel, Spurenfolge;Spurentunnel;Flachmoore;Moor;Courfaivre, Les Essert, Etang A16;COURFAIVRE;JU;460;2;9;2010;Erne Bettina;Marchesi Paul;MONITOR_MUST
Mustela;erminea;Hermelin;587260;243520;587243;113;5;TRAC;Trittsiegel, Spurenfolge;Spurentunnel;Flachmoore;Moor;Courfaivre, Les Essert, Etang A16;COURFAIVRE;JU;460;9;9;2010;Erne Bettina;Marchesi Paul;MONITOR_MUST
Mustela;erminea;Hermelin;587260;243520;587243;113;5;TRAC;Trittsiegel, Spurenfolge;Spurentunnel;Flachmoore;Moor;Courfaivre, Les Essert, Etang A16;COURFAIVRE;JU;460;26;8;2010;Erne Bettina;Marchesi Paul;MONITOR_MUST
Mustela;erminea;Hermelin;587330;243340;587243;112;5;TRAC;Trittsiegel, Spurenfolge;Spurentunnel;Gebüsche;Niederhecke (Kleinsträucher);Courfaivre, Les Essert, Etang A16;COURFAIVRE;JU;460;21;9;2010;Erne Bettina;Marchesi Paul;MONITOR_MUST
Mustela;erminea;Hermelin;587910;243650;587243;163;5;TRAC;Trittsiegel, Spurenfolge;Spurentunnel;Stehende Gewässer;Weiher (> 1000 m2);Courfaivre, Les Essert, Les Esserts;COURFAIVRE;JU;490;2;9;2010;Erne Bettina;Marchesi Paul;MONITOR_MUST
Mustela;erminea;Hermelin;590050;242120;590242;111;5;TRAC;Trittsiegel, Spurenfolge;Spurentunnel;Gebüschreiche Vorwaldgesellschaften;Niederwald;Courtételle, Rondevert;COURTÉTELLE;JU;515;16;9;2010;Erne Bettina;Marchesi Paul;MONITOR_MUST
Mustela;erminea;Hermelin;590050;242120;590242;111;5;TRAC;Trittsiegel, Spurenfolge;Spurentunnel;Gebüschreiche Vorwaldgesellschaften;Niederwald;Courtételle, Rondevert;COURTÉTELLE;JU;515;21;9;2010;Erne Bettina;Marchesi Paul;MONITOR_MUST
Mustela;erminea;Hermelin;590610;242190;590242;161;5;TRAC;Trittsiegel, Spurenfolge;Spurentunnel;Gebüsche;Bächlein, Rinnsal (Breite < 0.5 m);Courtételle, Rondevert;COURTÉTELLE;JU;490;2;9;2010;Erne Bettina;Marchesi Paul;MONITOR_MUST
Mustela;erminea;Hermelin;590610;242190;590242;161;5;TRAC;Trittsiegel, Spurenfolge;Spurentunnel;Gebüsche;Bächlein, Rinnsal (Breite < 0.5 m);Courtételle, Rondevert;COURTÉTELLE;JU;490;9;9;2010;Erne Bettina;Marchesi Paul;MONITOR_MUST
Mustela;erminea;Hermelin;590610;242190;590242;161;5;TRAC;Trittsiegel, Spurenfolge;Spurentunnel;Gebüsche;Bächlein, Rinnsal (Breite < 0.5 m);Courtételle, Rondevert;COURTÉTELLE;JU;490;16;9;2010;Erne Bettina;Marchesi Paul;MONITOR_MUST
Mustela;erminea;Hermelin;593251;232313;593232;171;6;TRAC;Trittsiegel, Spurenfolge;Spurentunnel;Grauerlen-Auenwald;Bächlein, Rinnsal (Breite < 0.5 m);Court, Condemines;COURT;BE;679;17;9;2010;Gerber Jean-Claude;Marchesi Paul;MONITOR_MUST
Mustela;erminea;Hermelin;593873;232245;593232;167;6;TRAC;Trittsiegel, Spurenfolge;Spurentunnel;Gebüschreiche Vorwaldgesellschaften;Bächlein, Rinnsal (Breite < 0.5 m);Court, Gros Pré;COURT;BE;691;11;9;2010;Gerber Jean-Claude;Marchesi Paul;MONITOR_MUST
Mustela;erminea;Hermelin;598036;236207;598236;202;6;TRAC;Trittsiegel, Spurenfolge;Spurentunnel;Gebüsche;Bächlein, Rinnsal (Breite < 0.5 m);Grandval, Les Amatennes;ESCHERT;BE;624;20;8;2010;Gerber Jean-Claude;Marchesi Paul;MONITOR_MUST
Mustela;erminea;Hermelin;598155;236245;598236;203;6;TRAC;Trittsiegel, Spurenfolge;Spurentunnel;Gebüsche;Niederhecke (Kleinsträucher);Grandval, Les Fenattes;ESCHERT;BE;624;3;9;2010;Gerber Jean-Claude;Marchesi Paul;MONITOR_MUST
Mustela;erminea;Hermelin;598158;236436;598236;204;6;TRAC;Trittsiegel, Spurenfolge;Spurentunnel;Gebüsche;Bach (Breite 0.5-5 m);Grandval, Les Fenattes;GRANDVAL;BE;593;18;9;2010;Gerber Jean-Claude;Marchesi Paul;MONITOR_MUST
Mustela;erminea;Hermelin;598158;236436;598236;204;6;TRAC;Trittsiegel, Spurenfolge;Spurentunnel;Gebüsche;Bach (Breite 0.5-5 m);Grandval, Les Fenattes;GRANDVAL;BE;593;27;8;2010;Gerber Jean-Claude;Marchesi Paul;MONITOR_MUST
Mustela;erminea;Hermelin;598481;236760;598236;200;6;TRAC;Trittsiegel, Spurenfolge;Spurentunnel;Grauerlen-Auenwald;Fluss klein (Breite 5-10 m);Grandval, Fin de Craieux;GRANDVAL;BE;583;11;9;2010;Gerber Jean-Claude;Marchesi Paul;MONITOR_MUST
Mustela;erminea;Hermelin;598570;236350;598236;201;6;TRAC;Trittsiegel, Spurenfolge;Spurentunnel;Gebüsche;Niederhecke (Kleinsträucher);Grandval, Les Fenattes;GRANDVAL;BE;637;3;9;2010;Gerber Jean-Claude;Marchesi Paul;MONITOR_MUST
Mustela;erminea;Hermelin;642003;221728;642221;235;6;TRAC;Trittsiegel, Spurenfolge;Spurentunnel;Gebüsche;Intensive Wiese;Alberswil, Kastelen;ALBERSWIL;LU;550;9;9;2010;Rasmussen Maria;Marchesi Paul;MONITOR_MUST
Mustela;erminea;Hermelin;642003;221728;642221;235;6;TRAC;Trittsiegel, Spurenfolge;Spurentunnel;Gebüsche;Intensive Wiese;Alberswil, Kastelen;ALBERSWIL;LU;550;14;9;2010;Rasmussen Maria;Marchesi Paul;MONITOR_MUST
Mustela;erminea;Hermelin;642003;221728;642221;235;6;TRAC;Trittsiegel, Spurenfolge;Spurentunnel;Gebüsche;Intensive Wiese;Alberswil, Kastelen;ALBERSWIL;LU;550;25;8;2010;Rasmussen Maria;Marchesi Paul;MONITOR_MUST
Mustela;erminea;Hermelin;646089;215504;646215;265;6;TRAC;Trittsiegel, Spurenfolge;Spurentunnel;Grasbrachen;Grünbrache;Menznau, Allmend;MENZNAU;LU;648;20;9;2010;Nienhuis Caroline;Marchesi Paul;MONITOR_MUST
Mustela;erminea;Hermelin;646166;215467;646215;355;6;TRAC;Trittsiegel, Spurenfolge;Spurentunnel;Aufforstung mit Nadelgehölzen;Bächlein, Rinnsal (Breite < 0.5 m);Menznau, Allmend;MENZNAU;LU;652;5;9;2010;Nienhuis Caroline;Marchesi Paul;MONITOR_MUST
Mustela;erminea;Hermelin;646332;215500;646215;327;6;TRAC;Trittsiegel, Spurenfolge;Spurentunnel;Gebüschreiche Vorwaldgesellschaften;Halbgestufter Waldrand (nur mit Mantel);Menznau, Allmend;MENZNAU;LU;634;5;9;2010;Nienhuis Caroline;Marchesi Paul;MONITOR_MUST
Mustela;erminea;Hermelin;647054;224870;647224;262;6;TRAC;Trittsiegel, Spurenfolge;Spurentunnel;Langsam fliessender Bach im Flachland;Bächlein, Rinnsal (Breite < 0.5 m);Mauensee, Lindehof;MAUENSEE;LU;510;2;9;2010;Rasmussen Maria;Marchesi Paul;MONITOR_MUST
Mustela;erminea;Hermelin;647054;224870;647224;262;6;TRAC;Trittsiegel, Spurenfolge;Spurentunnel;Langsam fliessender Bach im Flachland;Bächlein, Rinnsal (Breite < 0.5 m);Mauensee, Lindehof;MAUENSEE;LU;510;9;9;2010;Rasmussen Maria;Marchesi Paul;MONITOR_MUST
Mustela;erminea;Hermelin;647054;224870;647224;262;6;TRAC;Trittsiegel, Spurenfolge;Spurentunnel;Langsam fliessender Bach im Flachland;Bächlein, Rinnsal (Breite < 0.5 m);Mauensee, Lindehof;MAUENSEE;LU;510;25;8;2010;Rasmussen Maria;Marchesi Paul;MONITOR_MUST
Mustela;erminea;Hermelin;647063;224453;647224;317;6;TRAC;Trittsiegel, Spurenfolge;Spurentunnel;Grasbrachen;Lesesteinhaufen;Mauensee, Mauensee;MAUENSEE;LU;510;25;8;2010;Rasmussen Maria;Marchesi Paul;MONITOR_MUST
Mustela;erminea;Hermelin;647425;224732;647224;233;6;TRAC;Trittsiegel, Spurenfolge;Spurentunnel;Gebüsche;Intensive Wiese;Mauensee, Rofeld;MAUENSEE;LU;510;2;9;2010;Rasmussen Maria;Marchesi Paul;MONITOR_MUST
Mustela;erminea;Hermelin;647425;224732;647224;233;6;TRAC;Trittsiegel, Spurenfolge;Spurentunnel;Gebüsche;Intensive Wiese;Mauensee, Rofeld;MAUENSEE;LU;510;14;9;2010;Rasmussen Maria;Marchesi Paul;MONITOR_MUST
Mustela;erminea;Hermelin;649438;211591;649211;357;6;TRAC;Trittsiegel, Spurenfolge;Spurentunnel;Gebüsche;Baumhecke;Wolhusen, Pfistermätteli;WERTHENSTEIN;LU;558;5;9;2010;Nienhuis Caroline;Marchesi Paul;MONITOR_MUST
Mustela;erminea;Hermelin;649861;211871;649211;351;6;TRAC;Trittsiegel, Spurenfolge;Spurentunnel;Fettwiesen und -weiden;Baumhecke;Wolhusen, Und. Höchweid;RUSWIL;LU;575;13;9;2010;Nienhuis Caroline;Marchesi Paul;MONITOR_MUST
Mustela;erminea;Hermelin;650095;217211;650217;349;6;TRAC;Trittsiegel, Spurenfolge;Spurentunnel;Fettwiesen und -weiden;Mittelhecke (Sträucher);Buttisholz, Brätschesagi;BUTTISHOLZ;LU;577;5;9;2010;Nienhuis Caroline;Marchesi Paul;MONITOR_MUST
Mustela;erminea;Hermelin;650613;217289;650217;340;6;TRAC;Trittsiegel, Spurenfolge;Spurentunnel;Laubwald mit immergrünen Sträuchern;Ungestufter Waldrand (weder Mantel noch Saum);Buttisholz, Sagematt;BUTTISHOLZ;LU;592;30;8;2010;Nienhuis Caroline;Marchesi Paul;MONITOR_MUST
Mustela;erminea;Hermelin;651070;208120;651208;323;5;TRAC;Trittsiegel, Spurenfolge;Spurentunnel;Fettwiesen und -weiden;Intensive Wiese;Werthenstein, Hege;ENTLEBUCH;LU;930;10;9;2010;Lingg Manuel;Marchesi Paul;MONITOR_MUST
Mustela;erminea;Hermelin;651070;208120;651208;323;5;TRAC;Trittsiegel, Spurenfolge;Spurentunnel;Fettwiesen und -weiden;Intensive Wiese;Werthenstein, Hege;ENTLEBUCH;LU;930;27;8;2010;Lingg Manuel;Marchesi Paul;MONITOR_MUST
Mustela;erminea;Hermelin;651290;208860;651208;326;5;TRAC;Trittsiegel, Spurenfolge;Spurentunnel;Fettwiesen und -weiden;Intensive Wiese;Werthenstein, Chesslerhüsli;WERTHENSTEIN;LU;920;21;8;2010;Lingg Manuel;Marchesi Paul;MONITOR_MUST
Mustela;erminea;Hermelin;654631;212540;654212;411;6;TRAC;Trittsiegel, Spurenfolge;Spurentunnel;Scheune, Schopf;Holzschopf, Schuppen;Ruswil, Hapfigrüti;RUSWIL;LU;702;10;9;2010;Lingg Manuel;Marchesi Paul;MONITOR_MUST
Mustela;erminea;Hermelin;656765;262015;656262;181;5;TRAC;Trittsiegel, Spurenfolge;Spurentunnel;Langsam fliessender Bach im Flachland;Baumhecke;Remigen, Aleried;REMIGEN;AG;382;2;11;2010;Wittker Christian;Marchesi Paul;MONITOR_MUST
Mustela;erminea;Hermelin;656765;262015;656262;181;5;TRAC;Trittsiegel, Spurenfolge;Spurentunnel;Langsam fliessender Bach im Flachland;Baumhecke;Remigen, Aleried;REMIGEN;AG;382;12;10;2010;Wittker Christian;Marchesi Paul;MONITOR_MUST
Mustela;erminea;Hermelin;663300;264595;663264;117;5;TRAC;Trittsiegel, Spurenfolge;Spurentunnel;Fettwiesen und -weiden;Bächlein, Rinnsal (Breite < 0.5 m);Endingen, Littenbach;ENDINGEN;AG;415;2;11;2010;Wittker Christian;Marchesi Paul;MONITOR_MUST
Mustela;erminea;Hermelin;663315;264960;663264;140;5;TRAC;Trittsiegel, Spurenfolge;Spurentunnel;Mais, Tabak, andere Ackerkulturen (vorwiegend Sommerkulturen);Mittelhecke (Sträucher);Endingen, Oberfeld;ENDINGEN;AG;423;2;11;2010;Wittker Christian;Marchesi Paul;MONITOR_MUST
Mustela;erminea;Hermelin;663315;264960;663264;140;5;TRAC;Trittsiegel, Spurenfolge;Spurentunnel;Mais, Tabak, andere Ackerkulturen (vorwiegend Sommerkulturen);Mittelhecke (Sträucher);Endingen, Oberfeld;ENDINGEN;AG;423;20;10;2010;Wittker Christian;Marchesi Paul;MONITOR_MUST
Mustela;erminea;Hermelin;712137;228134;712228;401;6;TRAC;Trittsiegel, Spurenfolge;Spurentunnel;Ufer mit Vegetation;Bächlein, Rinnsal (Breite < 0.5 m);Tuggen, Ränken;TUGGEN;SZ;464;13;10;2010;Stoller Sandro;Marchesi Paul;MONITOR_MUST
Mustela;erminea;Hermelin;712137;228134;712228;401;6;TRAC;Trittsiegel, Spurenfolge;Spurentunnel;Ufer mit Vegetation;Bächlein, Rinnsal (Breite < 0.5 m);Tuggen, Ränken;TUGGEN;SZ;464;29;9;2010;Stoller Sandro;Marchesi Paul;MONITOR_MUST
Mustela;erminea;Hermelin;715380;227070;715227;248;5;TRAC;Trittsiegel, Spurenfolge;Spurentunnel;Forstpflanzungen;Baumhecke;Tuggen, Fleischmannriet;TUGGEN;SZ;408;3;11;2010;Stoller Sandro;Marchesi Paul;MONITOR_MUST
Mustela;erminea;Hermelin;717002;230719;717230;325;6;TRAC;Trittsiegel, Spurenfolge;Spurentunnel;Ufer mit Vegetation;Streuwiese;Uznach, Kaltbrunner Riet, Kaltbrunnerried;UZNACH;SG;407;6;10;2010;Reifler-Bächtiger Martina;Marchesi Paul;MONITOR_MUST
Mustela;erminea;Hermelin;717002;230719;717230;325;6;TRAC;Trittsiegel, Spurenfolge;Spurentunnel;Ufer mit Vegetation;Streuwiese;Uznach, Kaltbrunner Riet, Kaltbrunnerried;UZNACH;SG;407;12;10;2010;Reifler-Bächtiger Martina;Marchesi Paul;MONITOR_MUST
Mustela;erminea;Hermelin;717131;230539;717230;367;6;TRAC;Trittsiegel, Spurenfolge;Spurentunnel;Gebüsche;Baumhecke;Uznach, Kaltbrunner Riet, Entenseeli;UZNACH;SG;407;12;10;2010;Reifler-Bächtiger Martina;Marchesi Paul;MONITOR_MUST
Mustela;erminea;Hermelin;717263;230458;717230;217;6;TRAC;Trittsiegel, Spurenfolge;Spurentunnel;Ufer mit Vegetation;Holzschopf, Schuppen;Uznach, Kaltbrunner Riet, Kaltbrunnerried;KALTBRUNN;SG;407;6;10;2010;Reifler-Bächtiger Martina;Marchesi Paul;MONITOR_MUST
Mustela;erminea;Hermelin;717263;230458;717230;217;6;TRAC;Trittsiegel, Spurenfolge;Spurentunnel;Ufer mit Vegetation;Holzschopf, Schuppen;Uznach, Kaltbrunner Riet, Kaltbrunnerried;KALTBRUNN;SG;407;12;10;2010;Reifler-Bächtiger Martina;Marchesi Paul;MONITOR_MUST
Mustela;erminea;Hermelin;717263;230458;717230;217;6;TRAC;Trittsiegel, Spurenfolge;Spurentunnel;Ufer mit Vegetation;Holzschopf, Schuppen;Uznach, Kaltbrunner Riet, Kaltbrunnerried;KALTBRUNN;SG;407;20;10;2010;Reifler-Bächtiger Martina;Marchesi Paul;MONITOR_MUST
Mustela;erminea;Hermelin;717263;230458;717230;217;6;TRAC;Trittsiegel, Spurenfolge;Spurentunnel;Ufer mit Vegetation;Holzschopf, Schuppen;Uznach, Kaltbrunner Riet, Kaltbrunnerried;KALTBRUNN;SG;407;27;10;2010;Reifler-Bächtiger Martina;Marchesi Paul;MONITOR_MUST
Mustela;erminea;Hermelin;717263;230458;717230;217;6;TRAC;Trittsiegel, Spurenfolge;Spurentunnel;Ufer mit Vegetation;Holzschopf, Schuppen;Uznach, Kaltbrunner Riet, Kaltbrunnerried;KALTBRUNN;SG;407;28;9;2010;Reifler-Bächtiger Martina;Marchesi Paul;MONITOR_MUST
Mustela;erminea;Hermelin;717623;230213;717230;292;6;TRAC;Trittsiegel, Spurenfolge;Spurentunnel;Gebüsche;Mittelhecke (Sträucher);Uznach, Kaltbrunner Riet, Kaltbrunnerried;KALTBRUNN;SG;407;20;10;2010;Reifler-Bächtiger Martina;Marchesi Paul;MONITOR_MUST
Mustela;erminea;Hermelin;717694;230755;717230;328;6;TRAC;Trittsiegel, Spurenfolge;Spurentunnel;Gebüsche;Baumhecke;Uznach, Kaltbrunner Riet, Rotfarbsteg;UZNACH;SG;407;6;10;2010;Reifler-Bächtiger Martina;Marchesi Paul;MONITOR_MUST
Mustela;erminea;Hermelin;717694;230755;717230;328;6;TRAC;Trittsiegel, Spurenfolge;Spurentunnel;Gebüsche;Baumhecke;Uznach, Kaltbrunner Riet, Rotfarbsteg;UZNACH;SG;407;12;10;2010;Reifler-Bächtiger Martina;Marchesi Paul;MONITOR_MUST
Mustela;erminea;Hermelin;717694;230755;717230;328;6;TRAC;Trittsiegel, Spurenfolge;Spurentunnel;Gebüsche;Baumhecke;Uznach, Kaltbrunner Riet, Rotfarbsteg;UZNACH;SG;407;20;10;2010;Reifler-Bächtiger Martina;Marchesi Paul;MONITOR_MUST
Mustela;erminea;Hermelin;717694;230755;717230;328;6;TRAC;Trittsiegel, Spurenfolge;Spurentunnel;Gebüsche;Baumhecke;Uznach, Kaltbrunner Riet, Rotfarbsteg;UZNACH;SG;407;27;10;2010;Reifler-Bächtiger Martina;Marchesi Paul;MONITOR_MUST
Mustela;erminea;Hermelin;717694;230755;717230;328;6;TRAC;Trittsiegel, Spurenfolge;Spurentunnel;Gebüsche;Baumhecke;Uznach, Kaltbrunner Riet, Rotfarbsteg;UZNACH;SG;407;28;9;2010;Reifler-Bächtiger Martina;Marchesi Paul;MONITOR_MUST
Mustela;erminea;Hermelin;717814;230353;717230;249;6;TRAC;Trittsiegel, Spurenfolge;Spurentunnel;Gebüsche;Baumhecke;Uznach, Kaltbrunner Riet, Kaltbrunnerried;KALTBRUNN;SG;407;6;10;2010;Reifler-Bächtiger Martina;Marchesi Paul;MONITOR_MUST
Mustela;erminea;Hermelin;717814;230353;717230;249;6;TRAC;Trittsiegel, Spurenfolge;Spurentunnel;Gebüsche;Baumhecke;Uznach, Kaltbrunner Riet, Kaltbrunnerried;KALTBRUNN;SG;407;12;10;2010;Reifler-Bächtiger Martina;Marchesi Paul;MONITOR_MUST
Mustela;erminea;Hermelin;717814;230353;717230;249;6;TRAC;Trittsiegel, Spurenfolge;Spurentunnel;Gebüsche;Baumhecke;Uznach, Kaltbrunner Riet, Kaltbrunnerried;KALTBRUNN;SG;407;20;10;2010;Reifler-Bächtiger Martina;Marchesi Paul;MONITOR_MUST
Mustela;erminea;Hermelin;720680;227760;720227;250;5;TRAC;Trittsiegel, Spurenfolge;Spurentunnel;Röhricht;Kanal;Benken (SG), Fischer;BENKEN (SG);SG;415;6;10;2010;Schoop Johanna;Marchesi Paul;MONITOR_MUST
Mustela;erminea;Hermelin;721950;222500;721222;370;5;TRAC;Trittsiegel, Spurenfolge;Spurentunnel;Gebüsche;Intensive Wiese;Bilten, Obstalden, Arzethus;BILTEN;GL;420;6;11;2010;Christen Daniel;Marchesi Paul;MONITOR_MUST
Mustela;erminea;Hermelin;803000;181647;803181;353;6;TRAC;Trittsiegel, Spurenfolge;Spurentunnel;Heidelbeer-Fichtenwald;Hochwald;Susch, Raglia, Chuschlins;SUSCH;GR;1565;9;8;2010;Gümpel Christian;Marchesi Paul;MONITOR_MUST
Mustela;erminea;Hermelin;803000;181647;803181;353;6;TRAC;Trittsiegel, Spurenfolge;Spurentunnel;Heidelbeer-Fichtenwald;Hochwald;Susch, Raglia, Chuschlins;SUSCH;GR;1565;16;8;2010;Gümpel Christian;Marchesi Paul;MONITOR_MUST
Mustela;erminea;Hermelin;805153;183680;805183;403;6;TRAC;Trittsiegel, Spurenfolge;Spurentunnel;Grauerlen-Auenwald;Mittelwald;Lavin, Chasas da Gonda;LAVIN;GR;1503;6;9;2010;Gümpel Christian;Marchesi Paul;MONITOR_MUST
Mustela;erminea;Hermelin;810287;183274;810183;314;6;TRAC;Trittsiegel, Spurenfolge;Spurentunnel;Heidelbeer-Fichtenwald;Hochwald;Ardez, Arsüra;ARDEZ;GR;1437;6;9;2010;Gümpel Christian;Marchesi Paul;MONITOR_MUST
Mustela;erminea;Hermelin;810287;183274;810183;314;6;TRAC;Trittsiegel, Spurenfolge;Spurentunnel;Heidelbeer-Fichtenwald;Hochwald;Ardez, Arsüra;ARDEZ;GR;1437;24;8;2010;Gümpel Christian;Marchesi Paul;MONITOR_MUST
Mustela;nivalis;Mauswiesel;565483;176376;565176;1;6;TRAC;Trittsiegel, Spurenfolge;Spurentunnel;Gebüsche;Vollständig gestufter Waldrand (mit Mantel und Saum);Villarimboud, Le Moulin;VILLARIMBOUD;FR;760;6;9;2010;Fasel Nicolas;Marchesi Paul;MONITOR_MUST
Mustela;nivalis;Mauswiesel;565483;176376;565176;1;6;TRAC;Trittsiegel, Spurenfolge;Spurentunnel;Gebüsche;Vollständig gestufter Waldrand (mit Mantel und Saum);Villarimboud, Le Moulin;VILLARIMBOUD;FR;760;23;8;2010;Capt Simon;Marchesi Paul;MONITOR_MUST
Mustela;nivalis;Mauswiesel;565810;176240;565176;82;5;TRAC;Trittsiegel, Spurenfolge;Spurentunnel;Ufer und Feuchtgebiete;Hecke;Moulin de Chénens;VILLORSONNENS;FR;660;10;11;2009;Aebischer Adrian; ;MONITOR_MUST
Mustela;nivalis;Mauswiesel;567063;119538;567119;25;6;TRAC;Trittsiegel, Spurenfolge;Spurentunnel;Fettwiesen und -weiden;Trockenmauer (freistehend);Bex, Crie;BEX;VD;514;14;10;2010;Gex-Fabry Emilie;Marchesi Paul;MONITOR_MUST
Mustela;nivalis;Mauswiesel;578029;116256;578116;15;6;TRAC;Trittsiegel, Spurenfolge;Spurentunnel;Gebirgs-Magerrasen;Einzelbaum;Leytron, Odonne;LEYTRON;VS;1600;19;10;2010;Dessimoz (-Rathey) Emilie;Marchesi Paul;MONITOR_MUST
Mustela;nivalis;Mauswiesel;578060;116862;578116;9;6;TRAC;Trittsiegel, Spurenfolge;Spurentunnel;Wälder;Lesesteinhaufen;Leytron, La Coppe;LEYTRON;VS;1540;5;10;2010;Dessimoz (-Rathey) Emilie;Marchesi Paul;MONITOR_MUST
Mustela;nivalis;Mauswiesel;578217;116986;578116;60;6;TRAC;Trittsiegel, Spurenfolge;Spurentunnel;Wälder;Einzelbaum;Leytron, La Coppe;LEYTRON;VS;1480;5;10;2010;Dessimoz (-Rathey) Emilie;Marchesi Paul;MONITOR_MUST
Mustela;nivalis;Mauswiesel;581064;111648;581111;64;6;TRAC;Trittsiegel, Spurenfolge;Spurentunnel;Niederstammobstgarten;Holzschopf, Schuppen;Saxon, Les Frasses, Pro Bovey;SAXON;VS;474;26;10;2010;Dessimoz (-Rathey) Emilie;Marchesi Paul;MONITOR_MUST
Mustela;nivalis;Mauswiesel;581430;241480;581241;195;5;TRAC;Trittsiegel, Spurenfolge;Spurentunnel;Gebüschreiche Vorwaldgesellschaften;Waldweide;Glovelier, Dos le Brai;GLOVELIER;JU;635;9;9;2010;Erne Bettina;Marchesi Paul;MONITOR_MUST
Mustela;nivalis;Mauswiesel;583315;172273;583172;61;6;TRAC;Trittsiegel, Spurenfolge;Spurentunnel;Ufer mit Vegetation;Erratischer Block;Plasselb, Chäserli;CERNIAT FR;FR;1030;20;9;2010;Capt Sandrine;Marchesi Paul;MONITOR_MUST
Mustela;nivalis;Mauswiesel;583363;172500;583172;34;6;TRAC;Trittsiegel, Spurenfolge;Spurentunnel;Nebengebäude, Halle, Garage;Holzschopf, Schuppen;Plasselb, Lenzburgera;PLASSELB;FR;1040;14;9;2010;Capt Sandrine;Marchesi Paul;MONITOR_MUST
Mustela;nivalis;Mauswiesel;583422;172644;583172;99;6;TRAC;Trittsiegel, Spurenfolge;Spurentunnel;Krautsäume, Hochstaudenfluren und Gebüsche;Wildbach;Lenzburgera;PLASSELB;FR;1050;21;11;2009;Capt Simon; ;MONITOR_MUST
Mustela;nivalis;Mauswiesel;583879;172919;583172;68;6;TRAC;Trittsiegel, Spurenfolge;Spurentunnel;Bauten;Holzlager, Holzstoss;Plasselb, Lenzburgera;PLASSELB;FR;1010;20;9;2010;Capt Sandrine;Marchesi Paul;MONITOR_MUST
Mustela;nivalis;Mauswiesel;587810;239010;587239;176;5;TRAC;Trittsiegel, Spurenfolge;Spurentunnel;Gebüsche;Niederhecke (Kleinsträucher);Soulce, Soulce, est village;SOULCE;JU;620;16;9;2010;Erne Bettina;Marchesi Paul;MONITOR_MUST
Mustela;nivalis;Mauswiesel;646089;215504;646215;265;6;TRAC;Trittsiegel, Spurenfolge;Spurentunnel;Grasbrachen;Grünbrache;Menznau, Allmend;MENZNAU;LU;648;13;9;2010;Nienhuis Caroline;Marchesi Paul;MONITOR_MUST
Mustela;nivalis;Mauswiesel;658190;206820;658206;252;5;TRAC;Trittsiegel, Spurenfolge;Spurentunnel;Fliessgewässer;Bach (Breite 0.5-5 m);Schwarzenberg, Eigental, Fuchsbüel;SCHWARZENBERG;LU;960;17;9;2010;Lingg Manuel;Marchesi Paul;MONITOR_MUST
Mustela;nivalis;Mauswiesel;723590;230830;723230;368;5;TRAC;Trittsiegel, Spurenfolge;Spurentunnel;;Einzelbaum;Kaltbrunn, Buechbergweid;KALTBRUNN;SG;883;6;10;2010;Schoop Johanna;Marchesi Paul;MONITOR_MUST
Mustela;nivalis;Mauswiesel;723590;230830;723230;368;5;TRAC;Trittsiegel, Spurenfolge;Spurentunnel;;Einzelbaum;Kaltbrunn, Buechbergweid;KALTBRUNN;SG;883;13;10;2010;Schoop Johanna;Marchesi Paul;MONITOR_MUST
Mustela;nivalis;Mauswiesel;802448;181239;802181;216;6;TRAC;Trittsiegel, Spurenfolge;Spurentunnel;Lärchenwald;Waldrand;Susch, Raglia, Chuschlins;SUSCH;GR;1487;16;8;2010;Gümpel Christian;Marchesi Paul;MONITOR_MUST
Mustela;nivalis;Mauswiesel;802498;181759;802181;208;6;TRAC;Trittsiegel, Spurenfolge;Spurentunnel;Fliessgewässer;Strom, breiter Fluss im Tiefland (Breite >70 m);Susch, Raglia, Craviz;SUSCH;GR;1426;31;8;2010;Gümpel Christian;Marchesi Paul;MONITOR_MUST
Mustela;nivalis;Mauswiesel;805331;183190;805183;308;6;TRAC;Trittsiegel, Spurenfolge;Spurentunnel;Lärchenwald;Wildbach;Lavin, Planturen;LAVIN;GR;1388;6;9;2010;Gümpel Christian;Marchesi Paul;MONITOR_MUST
Mustela;nivalis;Mauswiesel;805331;183190;805183;308;6;TRAC;Trittsiegel, Spurenfolge;Spurentunnel;Lärchenwald;Wildbach;Lavin, Planturen;LAVIN;GR;1388;24;8;2010;Gümpel Christian;Marchesi Paul;MONITOR_MUST
Mustela;nivalis;Mauswiesel;805331;183190;805183;308;6;TRAC;Trittsiegel, Spurenfolge;Spurentunnel;Lärchenwald;Wildbach;Lavin, Planturen;LAVIN;GR;1388;31;8;2010;Gümpel Christian;Marchesi Paul;MONITOR_MUST
Mustela;nivalis;Mauswiesel;805619;183313;805183;374;6;TRAC;Trittsiegel, Spurenfolge;Spurentunnel;Fettwiesen und -weiden;Intensive Wiese;Lavin, Sur en Suot;LAVIN;GR;1408;6;9;2010;Gümpel Christian;Marchesi Paul;MONITOR_MUST
Mustela;nivalis;Mauswiesel;805999;183289;805183;220;6;TRAC;Trittsiegel, Spurenfolge;Spurentunnel;Fettwiesen und -weiden;Intensive Wiese;Lavin, Sur en Suot;LAVIN;GR;1399;6;9;2010;Gümpel Christian;Marchesi Paul;MONITOR_MUST
Mustela;nivalis;Mauswiesel;805999;183289;805183;220;6;TRAC;Trittsiegel, Spurenfolge;Spurentunnel;Fettwiesen und -weiden;Intensive Wiese;Lavin, Sur en Suot;LAVIN;GR;1399;24;8;2010;Gümpel Christian;Marchesi Paul;MONITOR_MUST
Mustela;nivalis;Mauswiesel;805999;183289;805183;220;6;TRAC;Trittsiegel, Spurenfolge;Spurentunnel;Fettwiesen und -weiden;Intensive Wiese;Lavin, Sur en Suot;LAVIN;GR;1399;31;8;2010;Gümpel Christian;Marchesi Paul;MONITOR_MUST
Mustela;nivalis;Mauswiesel;810287;183274;810183;314;6;TRAC;Trittsiegel, Spurenfolge;Spurentunnel;Heidelbeer-Fichtenwald;Hochwald;Ardez, Arsüra;ARDEZ;GR;1437;24;8;2010;Gümpel Christian;Marchesi Paul;MONITOR_MUST
Mustela;nivalis;Mauswiesel;810443;183705;810183;311;6;TRAC;Trittsiegel, Spurenfolge;Spurentunnel;Wärmeliebende Trockenrasen;Holzschopf, Schuppen;Ardez, Arplan;ARDEZ;GR;1376;6;9;2010;Gümpel Christian;Marchesi Paul;MONITOR_MUST
Mustela;nivalis;Mauswiesel;810443;183705;810183;311;6;TRAC;Trittsiegel, Spurenfolge;Spurentunnel;Wärmeliebende Trockenrasen;Holzschopf, Schuppen;Ardez, Arplan;ARDEZ;GR;1376;17;8;2010;Gümpel Christian;Marchesi Paul;MONITOR_MUST
Mustela;nivalis;Mauswiesel;810443;183705;810183;311;6;TRAC;Trittsiegel, Spurenfolge;Spurentunnel;Wärmeliebende Trockenrasen;Holzschopf, Schuppen;Ardez, Arplan;ARDEZ;GR;1376;24;8;2010;Gümpel Christian;Marchesi Paul;MONITOR_MUST
Mustela;nivalis;Mauswiesel;810496;183940;810183;425;6;TRAC;Trittsiegel, Spurenfolge;Spurentunnel;Gebüsche;Intensive Wiese;Ardez, Arplan;ARDEZ;GR;1428;9;8;2010;Gümpel Christian;Marchesi Paul;MONITOR_MUST
Mustela;nivalis;Mauswiesel;810651;183135;810183;221;6;TRAC;Trittsiegel, Spurenfolge;Spurentunnel;Heidelbeer-Fichtenwald;Hochwald;Ardez, Arsüra;ARDEZ;GR;1480;6;9;2010;Gümpel Christian;Marchesi Paul;MONITOR_MUST
Mustela;nivalis;Mauswiesel;810651;183135;810183;221;6;TRAC;Trittsiegel, Spurenfolge;Spurentunnel;Heidelbeer-Fichtenwald;Hochwald;Ardez, Arsüra;ARDEZ;GR;1480;17;8;2010;Gümpel Christian;Marchesi Paul;MONITOR_MUST
Mustela;nivalis;Mauswiesel;817355;187009;817187;222;6;TRAC;Trittsiegel, Spurenfolge;Spurentunnel;Gebüsche;Niederhecke (Kleinsträucher);Scuol, Spöl;SCUOL;GR;1383;1;9;2010;Mayer Jon;Marchesi Paul;MONITOR_MUST
Mustela;nivalis;Mauswiesel;817355;187009;817187;222;6;TRAC;Trittsiegel, Spurenfolge;Spurentunnel;Gebüsche;Niederhecke (Kleinsträucher);Scuol, Spöl;SCUOL;GR;1383;9;8;2010;Mayer Jon;Marchesi Paul;MONITOR_MUST
Mustela;nivalis;Mauswiesel;817355;187009;817187;222;6;TRAC;Trittsiegel, Spurenfolge;Spurentunnel;Gebüsche;Niederhecke (Kleinsträucher);Scuol, Spöl;SCUOL;GR;1383;17;8;2010;Mayer Jon;Marchesi Paul;MONITOR_MUST
Mustela;nivalis;Mauswiesel;817534;187196;817187;402;6;TRAC;Trittsiegel, Spurenfolge;Spurentunnel;Gebüsche;Lichter Wald;Scuol, Spöl;SCUOL;GR;1407;24;8;2010;Mayer Jon;Marchesi Paul;MONITOR_MUST
Mustela;nivalis;Mauswiesel;817582;187560;817187;386;6;TRAC;Trittsiegel, Spurenfolge;Spurentunnel;Gebüsche;Niederhecke (Kleinsträucher);Scuol, Spinatscha d'Flöna;SCUOL;GR;1523;1;9;2010;Mayer Jon;Marchesi Paul;MONITOR_MUST
Mustela;nivalis;Mauswiesel;817887;187652;817187;290;6;TRAC;Trittsiegel, Spurenfolge;Spurentunnel;Fettwiesen und -weiden;Mittelhecke (Sträucher);Scuol, Spinatscha d'Flöna;SCUOL;GR;1464;9;8;2010;Mayer Jon;Marchesi Paul;MONITOR_MUST
Mustela;nivalis;Mauswiesel;817887;187652;817187;290;6;TRAC;Trittsiegel, Spurenfolge;Spurentunnel;Fettwiesen und -weiden;Mittelhecke (Sträucher);Scuol, Spinatscha d'Flöna;SCUOL;GR;1464;24;8;2010;Mayer Jon;Marchesi Paul;MONITOR_MUST
Mustela;nivalis;Mauswiesel;820584;187711;820187;342;6;TRAC;Trittsiegel, Spurenfolge;Spurentunnel;Fettwiesen und -weiden;Intensive Wiese;Scuol, Pradella, Chaschlaus;SCUOL;GR;1163;23;8;2010;Mayer Jon;Marchesi Paul;MONITOR_MUST
Mustela;nivalis;Mauswiesel;828310;194387;828194;243;6;TRAC;Trittsiegel, Spurenfolge;Spurentunnel;Wärmeliebende Föhrenwälder;Fluss klein (Breite 5-10 m);Tschlin, Strada, Ischla da Strada;TSCHLIN;GR;1059;18;8;2010;Mayer Jon;Marchesi Paul;MONITOR_MUST
Mustela;nivalis;Mauswiesel;828709;194752;828194;319;6;TRAC;Trittsiegel, Spurenfolge;Spurentunnel;Gebirgs-Nadelwälder;Lichter Wald;Tschlin, Strada, Il Moi;TSCHLIN;GR;1077;18;8;2010;Mayer Jon;Marchesi Paul;MONITOR_MUST
Mustela;putorius;Iltis;557986;169035;557169;59;6;TRAC;Trittsiegel, Spurenfolge;Spurentunnel;Scheune, Schopf;Keller, Untergeschoss;Hennens, Les Puits;SIVIRIEZ;FR;791;23;9;2010;Ghali Karim;Marchesi Paul;MONITOR_MUST
Mustela;putorius;Iltis;558291;166014;558166;47;6;TRAC;Trittsiegel, Spurenfolge;Spurentunnel;Gebüsche;Ungestufter Waldrand (weder Mantel noch Saum);Chavannes-les-Forts, Les Ecoula;CHAVANNES-LES-FORTS;FR;791;2;9;2010;Ghali Karim;Marchesi Paul;MONITOR_MUST
Mustela;putorius;Iltis;558291;166014;558166;47;6;TRAC;Trittsiegel, Spurenfolge;Spurentunnel;Gebüsche;Ungestufter Waldrand (weder Mantel noch Saum);Chavannes-les-Forts, Les Ecoula;CHAVANNES-LES-FORTS;FR;791;9;9;2010;Ghali Karim;Marchesi Paul;MONITOR_MUST
Mustela;putorius;Iltis;558291;166014;558166;47;6;TRAC;Trittsiegel, Spurenfolge;Spurentunnel;Gebüsche;Ungestufter Waldrand (weder Mantel noch Saum);Chavannes-les-Forts, Les Ecoula;CHAVANNES-LES-FORTS;FR;791;23;9;2010;Ghali Karim;Marchesi Paul;MONITOR_MUST
Mustela;putorius;Iltis;558295;166020;558166;41;5;TRAC;Trittsiegel, Spurenfolge;Spurentunnel;Ufer und Feuchtgebiete;Bach (Breite 0.5-5 m);Le Laret;CHAVANNES-LES-FORTS;FR;795;21;10;2009;Ghali Karim; ;MONITOR_MUST
Mustela;putorius;Iltis;558546;166412;558166;10;6;TRAC;Trittsiegel, Spurenfolge;Spurentunnel;Ufer und Feuchtgebiete;Bach (Breite 0.5-5 m);Les Ecoula;CHAVANNES-LES-FORTS;FR;785;14;10;2009;Ghali Karim; ;MONITOR_MUST
Mustela;putorius;Iltis;558546;166412;558166;10;6;TRAC;Trittsiegel, Spurenfolge;Spurentunnel;Ufer und Feuchtgebiete;Bach (Breite 0.5-5 m);Les Ecoula;CHAVANNES-LES-FORTS;FR;785;21;10;2009;Ghali Karim; ;MONITOR_MUST
Mustela;putorius;Iltis;565232;176808;565176;12;6;TRAC;Trittsiegel, Spurenfolge;Spurentunnel;Gebüsche;Halbgestufter Waldrand (nur mit Mantel);Villarimboud, La Palle;CHENENS;FR;710;12;9;2010;Fasel Nicolas;Marchesi Paul;MONITOR_MUST
Mustela;putorius;Iltis;565554;176304;565176;8;6;TRAC;Trittsiegel, Spurenfolge;Spurentunnel;Gebüsche;Vollständig gestufter Waldrand (mit Mantel und Saum);Villarimboud, Vuguy;VILLARIMBOUD;FR;690;17;9;2010;Fasel Nicolas;Marchesi Paul;MONITOR_MUST
Mustela;putorius;Iltis;565683;176428;565176;4;6;TRAC;Trittsiegel, Spurenfolge;Spurentunnel;Gebüsche;Ungestufter Waldrand (weder Mantel noch Saum);Villarimboud, Vuguy;VILLARIMBOUD;FR;660;6;9;2010;Fasel Nicolas;Marchesi Paul;MONITOR_MUST
Mustela;putorius;Iltis;565683;176428;565176;4;6;TRAC;Trittsiegel, Spurenfolge;Spurentunnel;Gebüsche;Ungestufter Waldrand (weder Mantel noch Saum);Villarimboud, Vuguy;VILLARIMBOUD;FR;660;12;9;2010;Fasel Nicolas;Marchesi Paul;MONITOR_MUST
Mustela;putorius;Iltis;566092;166204;566166;7;6;TRAC;Trittsiegel, Spurenfolge;Spurentunnel;Krautsäume, Hochstaudenfluren und Gebüsche;Halbgestufter Waldrand (nur mit Mantel);Communs de Maules;SALES;FR;940;9;11;2009;Gremaud Jérôme; ;MONITOR_MUST
Mustela;putorius;Iltis;566358;166439;566166;38;6;TRAC;Trittsiegel, Spurenfolge;Spurentunnel;Gebüsche;Holzlager, Holzstoss;Romanens  / Maules, Communs de Maules;MAULES;FR;960;6;9;2010;Fasel Nicolas;Marchesi Paul;MONITOR_MUST
Mustela;putorius;Iltis;566439;166388;566166;14;6;TRAC;Trittsiegel, Spurenfolge;Spurentunnel;Gebüsche;Halbgestufter Waldrand (nur mit Mantel);Romanens  / Maules, Communs de Maules;MAULES;FR;955;6;9;2010;Fasel Nicolas;Marchesi Paul;MONITOR_MUST
Mustela;putorius;Iltis;566439;166388;566166;14;6;TRAC;Trittsiegel, Spurenfolge;Spurentunnel;Gebüsche;Halbgestufter Waldrand (nur mit Mantel);Romanens  / Maules, Communs de Maules;MAULES;FR;955;12;9;2010;Fasel Nicolas;Marchesi Paul;MONITOR_MUST
Mustela;putorius;Iltis;566439;166388;566166;14;6;TRAC;Trittsiegel, Spurenfolge;Spurentunnel;Gebüsche;Halbgestufter Waldrand (nur mit Mantel);Romanens  / Maules, Communs de Maules;MAULES;FR;955;17;9;2010;Fasel Nicolas;Marchesi Paul;MONITOR_MUST
Mustela;putorius;Iltis;566506;166914;566166;4;6;TRAC;Trittsiegel, Spurenfolge;Spurentunnel;Röhricht;Weiher (> 1000 m2);Les Gurles;SALES;FR;950;12;10;2009;Gremaud Jérôme; ;MONITOR_MUST
Mustela;putorius;Iltis;566506;166914;566166;4;6;TRAC;Trittsiegel, Spurenfolge;Spurentunnel;Röhricht;Weiher (> 1000 m2);Les Gurles;SALES;FR;950;20;10;2009;Gremaud Jérôme; ;MONITOR_MUST
Mustela;putorius;Iltis;566506;166914;566166;4;6;TRAC;Trittsiegel, Spurenfolge;Spurentunnel;Röhricht;Weiher (> 1000 m2);Les Gurles;SALES;FR;950;26;10;2009;Gremaud Jérôme; ;MONITOR_MUST
Mustela;putorius;Iltis;566511;166634;566166;31;6;TRAC;Trittsiegel, Spurenfolge;Spurentunnel;Krautsäume, Hochstaudenfluren und Gebüsche;Holzlager, Holzstoss;Les Gurles;SALES;FR;960;26;10;2009;Gremaud Jérôme; ;MONITOR_MUST
Mustela;putorius;Iltis;566685;166302;566166;5;6;TRAC;Trittsiegel, Spurenfolge;Spurentunnel;Nebengebäude, Halle, Garage;Holzschopf, Schuppen;Romanens  / Maules, Communs de Maules;MAULES;FR;960;12;9;2010;Fasel Nicolas;Marchesi Paul;MONITOR_MUST
Mustela;putorius;Iltis;566946;166582;566166;9;6;TRAC;Trittsiegel, Spurenfolge;Spurentunnel;Fettwiesen und -weiden;Baumhecke;Communs de Maules;SALES;FR;960;3;11;2009;Gremaud Jérôme; ;MONITOR_MUST
Mustela;putorius;Iltis;566946;166582;566166;9;6;TRAC;Trittsiegel, Spurenfolge;Spurentunnel;Fettwiesen und -weiden;Baumhecke;Communs de Maules;SALES;FR;960;26;10;2009;Gremaud Jérôme; ;MONITOR_MUST
Mustela;putorius;Iltis;569682;112293;569112;100;6;TRAC;Trittsiegel, Spurenfolge;Spurentunnel;Eichenwälder;Felsnische, Abri;Collonges, Le Bouet, Grand Râpé;DORÉNAZ;VS;633;14;10;2010;Gex-Fabry Emilie;Marchesi Paul;MONITOR_MUST
Mustela;putorius;Iltis;572507;163040;572163;66;6;TRAC;Trittsiegel, Spurenfolge;Spurentunnel;Gebüsche;Vollständig gestufter Waldrand (mit Mantel und Saum);Bulle, Les Oyes;MORLON;FR;740;9;9;2010;Ghali Karim;Marchesi Paul;MONITOR_MUST
Mustela;putorius;Iltis;572520;163030;572163;26;5;TRAC;Trittsiegel, Spurenfolge;Spurentunnel;Krautsäume, Hochstaudenfluren und Gebüsche;Vollständig gestufter Waldrand (mit Mantel und Saum);Les Oyes;MORLON;FR;740;12;10;2009;Gremaud Jérôme; ;MONITOR_MUST
Mustela;putorius;Iltis;575347;168714;575168;17;6;TRAC;Trittsiegel, Spurenfolge;Spurentunnel;Krautsäume, Hochstaudenfluren und Gebüsche;Holzlager, Holzstoss;Les Faverges;HAUTEVILLE;FR;780;15;10;2009;Capt Simon; ;MONITOR_MUST
Mustela;putorius;Iltis;575393;168805;575168;23;6;TRAC;Trittsiegel, Spurenfolge;Spurentunnel;Gebüsche;Hecke;Les Faverges;HAUTEVILLE;FR;780;23;10;2009;Capt Simon; ;MONITOR_MUST
Mustela;putorius;Iltis;578800;234158;578234;147;5;TRAC;Trittsiegel, Spurenfolge;Spurentunnel;Gebüsche;Niederhecke (Kleinsträucher);Saicourt, La Noz , La Noz;SAICOURT;BE;943;14;9;2010;Froidevaux Viviane;Marchesi Paul;MONITOR_MUST
Mustela;putorius;Iltis;579059;176930;579176;65;6;TRAC;Trittsiegel, Spurenfolge;Spurentunnel;Ufer und Feuchtgebiete;Bach (Breite 0.5-5 m);Le Poyet;LE MOURET;FR;765;20;11;2009;Capt Simon; ;MONITOR_MUST
Mustela;putorius;Iltis;579060;176180;579176;98;6;TRAC;Trittsiegel, Spurenfolge;Spurentunnel;Gebüsche;Bach (Breite 0.5-5 m);Misely;LE MOURET;FR;790;20;11;2009;Capt Simon; ;MONITOR_MUST
Mustela;putorius;Iltis;579407;176916;579176;76;5;TRAC;Trittsiegel, Spurenfolge;Spurentunnel;Röhricht;Ufer Stehgewässer;Le Mouret;LE MOURET;FR;760;6;11;2009;Capt Simon; ;MONITOR_MUST
Mustela;putorius;Iltis;579407;176916;579176;76;5;TRAC;Trittsiegel, Spurenfolge;Spurentunnel;Röhricht;Ufer Stehgewässer;Le Mouret;LE MOURET;FR;760;15;10;2009;Capt Simon; ;MONITOR_MUST
Mustela;putorius;Iltis;579407;176916;579176;76;5;TRAC;Trittsiegel, Spurenfolge;Spurentunnel;Röhricht;Ufer Stehgewässer;Le Mouret;LE MOURET;FR;760;20;11;2009;Capt Simon; ;MONITOR_MUST
Mustela;putorius;Iltis;579407;176916;579176;76;5;TRAC;Trittsiegel, Spurenfolge;Spurentunnel;Röhricht;Ufer Stehgewässer;Le Mouret;LE MOURET;FR;760;23;10;2009;Capt Simon; ;MONITOR_MUST
Mustela;putorius;Iltis;579407;176916;579176;76;5;TRAC;Trittsiegel, Spurenfolge;Spurentunnel;Röhricht;Ufer Stehgewässer;Le Mouret;LE MOURET;FR;760;30;10;2009;Capt Simon; ;MONITOR_MUST
Mustela;putorius;Iltis;579412;176917;579176;274;6;TRAC;Trittsiegel, Spurenfolge;Spurentunnel;Röhricht;Ufer Stehgewässer;Essert / Ferpicloz, Le Mouret;ESSERT FR;FR;760;7;9;2010;Capt Sandrine;Marchesi Paul;MONITOR_MUST
Mustela;putorius;Iltis;579412;176917;579176;274;6;TRAC;Trittsiegel, Spurenfolge;Spurentunnel;Röhricht;Ufer Stehgewässer;Essert / Ferpicloz, Le Mouret;ESSERT FR;FR;760;13;9;2010;Capt Sandrine;Marchesi Paul;MONITOR_MUST
Mustela;putorius;Iltis;579465;176259;579176;269;6;TRAC;Trittsiegel, Spurenfolge;Spurentunnel;Ufer mit Vegetation;Bach (Breite 0.5-5 m);Essert / Ferpicloz, La Piodxe;MONTÉVRAZ;FR;760;13;9;2010;Capt Sandrine;Marchesi Paul;MONITOR_MUST
Mustela;putorius;Iltis;579511;176277;579176;86;6;TRAC;Trittsiegel, Spurenfolge;Spurentunnel;Ufer mit Vegetation;Bach (Breite 0.5-5 m);Le Mouret, La Poudze;LE MOURET;FR;760;30;10;2009;Capt Simon; ;MONITOR_MUST
Mustela;putorius;Iltis;579533;176276;579176;271;6;TRAC;Trittsiegel, Spurenfolge;Spurentunnel;Ufer mit Vegetation;Bach (Breite 0.5-5 m);Essert / Ferpicloz, La Piodxe;MONTÉVRAZ;FR;760;7;9;2010;Capt Sandrine;Marchesi Paul;MONITOR_MUST
Mustela;putorius;Iltis;579740;176635;579176;52;6;TRAC;Trittsiegel, Spurenfolge;Spurentunnel;Ufer mit Vegetation;Bach (Breite 0.5-5 m);Le Mouret, La Piodze;LE MOURET;FR;750;6;11;2009;Capt Simon; ;MONITOR_MUST
Mustela;putorius;Iltis;579740;176635;579176;52;6;TRAC;Trittsiegel, Spurenfolge;Spurentunnel;Ufer mit Vegetation;Bach (Breite 0.5-5 m);Le Mouret, La Piodze;LE MOURET;FR;750;30;10;2009;Capt Simon; ;MONITOR_MUST
Mustela;putorius;Iltis;579744;176636;579176;268;6;TRAC;Trittsiegel, Spurenfolge;Spurentunnel;Ufer mit Vegetation;Bach (Breite 0.5-5 m);Essert / Ferpicloz, Le Mouret;MONTÉVRAZ;FR;758;7;9;2010;Capt Sandrine;Marchesi Paul;MONITOR_MUST
Mustela;putorius;Iltis;579744;176636;579176;268;6;TRAC;Trittsiegel, Spurenfolge;Spurentunnel;Ufer mit Vegetation;Bach (Breite 0.5-5 m);Essert / Ferpicloz, Le Mouret;MONTÉVRAZ;FR;758;13;9;2010;Capt Sandrine;Marchesi Paul;MONITOR_MUST
Mustela;putorius;Iltis;579744;176636;579176;268;6;TRAC;Trittsiegel, Spurenfolge;Spurentunnel;Ufer mit Vegetation;Bach (Breite 0.5-5 m);Essert / Ferpicloz, Le Mouret;MONTÉVRAZ;FR;758;20;9;2010;Capt Sandrine;Marchesi Paul;MONITOR_MUST
Mustela;putorius;Iltis;579898;176488;579176;224;6;TRAC;Trittsiegel, Spurenfolge;Spurentunnel;Gebüsche;Baumhecke;Essert / Ferpicloz, Montemblou;MONTÉVRAZ;FR;794;13;9;2010;Capt Sandrine;Marchesi Paul;MONITOR_MUST
Mustela;putorius;Iltis;580025;232055;580232;145;5;TRAC;Trittsiegel, Spurenfolge;Spurentunnel;Gebüsche;Baumhecke;Saicourt, Le Fuet, Sous Montbautier;SAICOURT;BE;826;6;9;2010;Froidevaux Viviane;Marchesi Paul;MONITOR_MUST
Mustela;putorius;Iltis;580420;232195;580232;124;5;TRAC;Trittsiegel, Spurenfolge;Spurentunnel;Gebüsche;Baumhecke;Saicourt, Le Fuet, Le Fuet (Sud);SAICOURT;BE;797;31;8;2010;Froidevaux Viviane;Marchesi Paul;MONITOR_MUST
Mustela;putorius;Iltis;583665;172838;583172;53;6;TRAC;Trittsiegel, Spurenfolge;Spurentunnel;Gebirgs-Magerrasen;Weide;Plasselb, Lenzburgera;PLASSELB;FR;1030;30;8;2010;Capt Sandrine;Marchesi Paul;MONITOR_MUST
Mustela;putorius;Iltis;585058;174637;585174;77;6;TRAC;Trittsiegel, Spurenfolge;Spurentunnel;Wälder;Waldrand;Plasselb, Schwand;PLASSELB;FR;890;30;8;2010;Capt Sandrine;Marchesi Paul;MONITOR_MUST
Mustela;putorius;Iltis;585087;174376;585174;60;6;TRAC;Trittsiegel, Spurenfolge;Spurentunnel;Hochstauden- und Schlagfluren;Vollständig gestufter Waldrand (mit Mantel und Saum);Plasselb, Schwand;PLASSELB;FR;900;7;9;2010;Capt Sandrine;Marchesi Paul;MONITOR_MUST
Mustela;putorius;Iltis;585091;174212;585174;64;6;TRAC;Trittsiegel, Spurenfolge;Spurentunnel;Wälder;Hochwald;Plasselb, Roggeli;PLASSELB;FR;880;7;9;2010;Capt Sandrine;Marchesi Paul;MONITOR_MUST
Mustela;putorius;Iltis;585091;174212;585174;64;6;TRAC;Trittsiegel, Spurenfolge;Spurentunnel;Wälder;Hochwald;Plasselb, Roggeli;PLASSELB;FR;880;20;9;2010;Capt Sandrine;Marchesi Paul;MONITOR_MUST
Mustela;putorius;Iltis;585626;174776;585174;16;6;TRAC;Trittsiegel, Spurenfolge;Spurentunnel;Krautsäume, Hochstaudenfluren und Gebüsche;Waldrand;Allmet;PLASSELB;FR;920;13;11;2009;Capt Simon; ;MONITOR_MUST
Mustela;putorius;Iltis;585628;174773;585174;35;6;TRAC;Trittsiegel, Spurenfolge;Spurentunnel;Gebüsche;Vollständig gestufter Waldrand (mit Mantel und Saum);Plasselb, Allmit;PLASSELB;FR;915;14;9;2010;Capt Sandrine;Marchesi Paul;MONITOR_MUST
Mustela;putorius;Iltis;585810;174750;585174;50;5;TRAC;Trittsiegel, Spurenfolge;Spurentunnel;Krautsäume, Hochstaudenfluren und Gebüsche;Waldrand;Allmet;PLASSELB;FR;1060;6;11;2009;Capt Simon; ;MONITOR_MUST
Mustela;putorius;Iltis;589110;232425;589232;133;5;TRAC;Trittsiegel, Spurenfolge;Spurentunnel;Kuh- und Pferdestall;Fassade, Aussenwände;Sorvilier, La Cray;SORVILIER;BE;712;13;9;2010;Froidevaux Viviane;Marchesi Paul;MONITOR_MUST
Mustela;putorius;Iltis;589180;232545;589232;136;5;TRAC;Trittsiegel, Spurenfolge;Spurentunnel;Hochstauden- und Schlagfluren;Bächlein, Rinnsal (Breite < 0.5 m);Sorvilier, La Cray - Clos Plans Champs;SORVILIER;BE;709;31;8;2010;Froidevaux Viviane;Marchesi Paul;MONITOR_MUST
Mustela;putorius;Iltis;593873;232245;593232;167;6;TRAC;Trittsiegel, Spurenfolge;Spurentunnel;Gebüschreiche Vorwaldgesellschaften;Bächlein, Rinnsal (Breite < 0.5 m);Court, Gros Pré;COURT;BE;691;5;9;2010;Gerber Jean-Claude;Marchesi Paul;MONITOR_MUST
Mustela;putorius;Iltis;642003;221728;642221;235;6;TRAC;Trittsiegel, Spurenfolge;Spurentunnel;Gebüsche;Intensive Wiese;Alberswil, Kastelen;ALBERSWIL;LU;550;14;9;2010;Rasmussen Maria;Marchesi Paul;MONITOR_MUST
Mustela;putorius;Iltis;642363;221141;642221;360;6;TRAC;Trittsiegel, Spurenfolge;Spurentunnel;Stillwasser-Röhricht;Kleinweiher permanent;Alberswil, St. Blasius;ALBERSWIL;LU;530;2;9;2010;Rasmussen Maria;Marchesi Paul;MONITOR_MUST
Mustela;putorius;Iltis;646568;215383;646215;232;6;TRAC;Trittsiegel, Spurenfolge;Spurentunnel;Brombeergestrüpp;Niederhecke (Kleinsträucher);Menznau, Schlatt;MENZNAU;LU;619;13;9;2010;Nienhuis Caroline;Marchesi Paul;MONITOR_MUST
Mustela;putorius;Iltis;646568;215383;646215;232;6;TRAC;Trittsiegel, Spurenfolge;Spurentunnel;Brombeergestrüpp;Niederhecke (Kleinsträucher);Menznau, Schlatt;MENZNAU;LU;619;30;8;2010;Nienhuis Caroline;Marchesi Paul;MONITOR_MUST
Mustela;putorius;Iltis;647054;224870;647224;262;6;TRAC;Trittsiegel, Spurenfolge;Spurentunnel;Langsam fliessender Bach im Flachland;Bächlein, Rinnsal (Breite < 0.5 m);Mauensee, Lindehof;MAUENSEE;LU;510;20;9;2010;Rasmussen Maria;Marchesi Paul;MONITOR_MUST
Mustela;putorius;Iltis;649875;211941;649211;318;6;TRAC;Trittsiegel, Spurenfolge;Spurentunnel;Buchenwälder;Ungestufter Waldrand (weder Mantel noch Saum);Wolhusen, Ob. Höchweid;RUSWIL;LU;585;13;9;2010;Nienhuis Caroline;Marchesi Paul;MONITOR_MUST
Mustela;putorius;Iltis;650095;217211;650217;349;6;TRAC;Trittsiegel, Spurenfolge;Spurentunnel;Fettwiesen und -weiden;Mittelhecke (Sträucher);Buttisholz, Brätschesagi;BUTTISHOLZ;LU;577;23;8;2010;Nienhuis Caroline;Marchesi Paul;MONITOR_MUST
Mustela;putorius;Iltis;650387;217759;650217;397;6;TRAC;Trittsiegel, Spurenfolge;Spurentunnel;Fettwiesen und -weiden;Mittelhecke (Sträucher);Buttisholz, Dietschlismatt;BUTTISHOLZ;LU;590;20;9;2010;Nienhuis Caroline;Marchesi Paul;MONITOR_MUST
Mustela;putorius;Iltis;658700;267820;658267;149;5;TRAC;Trittsiegel, Spurenfolge;Spurentunnel;Baumschulen, Obstgärten, Rebberge;Halbgestufter Waldrand (nur mit Mantel);Böttstein, Leuggern, Bluemeholz;BÖTTSTEIN;AG;374;2;11;2010;Wittker Christian;Marchesi Paul;MONITOR_MUST
Mustela;putorius;Iltis;660120;271330;660271;177;4;TRAC;Trittsiegel, Spurenfolge;Spurentunnel;Feldkulturen (Äcker);Hecke;Klingnau, Unteri Au;KLINGNAU;AG;325;26;10;2010;Boschi Cristina;Marchesi Paul;MONITOR_MUST
Mustela;putorius;Iltis;712121;228976;712228;246;6;TRAC;Trittsiegel, Spurenfolge;Spurentunnel;Gebüsche;Waldrand;Tuggen, Wigarten;TUGGEN;SZ;540;13;10;2010;Stoller Sandro;Marchesi Paul;MONITOR_MUST
Mustela;putorius;Iltis;717002;230719;717230;325;6;TRAC;Trittsiegel, Spurenfolge;Spurentunnel;Ufer mit Vegetation;Streuwiese;Uznach, Kaltbrunner Riet, Kaltbrunnerried;UZNACH;SG;407;12;10;2010;Reifler-Bächtiger Martina;Marchesi Paul;MONITOR_MUST
Mustela;putorius;Iltis;717002;230719;717230;325;6;TRAC;Trittsiegel, Spurenfolge;Spurentunnel;Ufer mit Vegetation;Streuwiese;Uznach, Kaltbrunner Riet, Kaltbrunnerried;UZNACH;SG;407;20;10;2010;Reifler-Bächtiger Martina;Marchesi Paul;MONITOR_MUST
Mustela;putorius;Iltis;717760;230824;717230;410;6;TRAC;Trittsiegel, Spurenfolge;Spurentunnel;Ufer mit Vegetation;Böschung;Uznach, Kaltbrunner Riet, Aeschensack;UZNACH;SG;407;20;10;2010;Reifler-Bächtiger Martina;Marchesi Paul;MONITOR_MUST
Mustela;putorius;Iltis;720800;227010;720227;352;5;TRAC;Trittsiegel, Spurenfolge;Spurentunnel;Hochstauden- und Schlagfluren;Feldgehölz;Benken (SG), Widenriet;SCHÄNIS;SG;415;6;10;2010;Schoop Johanna;Marchesi Paul;MONITOR_MUST
Mustela;putorius;Iltis;721950;222500;721222;370;5;TRAC;Trittsiegel, Spurenfolge;Spurentunnel;Gebüsche;Intensive Wiese;Bilten, Obstalden, Arzethus;BILTEN;GL;420;6;11;2010;Christen Daniel;Marchesi Paul;MONITOR_MUST
